ID,Name,Description,Media_Type,Download_URL,Path_In_Zip
1,ENDE_jɛnbo.wav,,audio/x-wav,audio/ENDE_j%C9%9Bnbo.mp3,
2,KCD_sompu.wav,,audio/x-wav,audio/KCD_sompu.mp3,
3,TAEME_jɛnbu.wav,,audio/x-wav,audio/TAEME_j%C9%9Bnbu.mp3,
4,ENDE_ŋənɑ.wav,,audio/x-wav,audio/ENDE_%C5%8B%C9%99n%C9%91.mp3,
5,NMX_yend.wav,,audio/x-wav,audio/NMX_yend.mp3,
6,KCD_ngko.wav,,audio/x-wav,audio/KCD_ngko.mp3,
7,TAEME_ŋən.wav,,audio/x-wav,audio/TAEME_%C5%8B%C9%99n.mp3,
8,ENDE_ku͡ibi͡ɑg.wav,,audio/x-wav,audio/ENDE_ku%CD%A1ibi%CD%A1%C9%91g.mp3,
9,NMX_mbanguse.wav,,audio/x-wav,audio/NMX_mbanguse.mp3,
10,KCD_marou.wav,,audio/x-wav,audio/KCD_marou.mp3,
11,TAEME_kwɪbiəɡ.wav,,audio/x-wav,audio/TAEME_kw%C9%AAbi%C9%99%C9%A1.mp3,
12,ENDE_təme.wav,,audio/x-wav,audio/ENDE_t%C9%99me.mp3,
13,KCD_kira.wav,,audio/x-wav,audio/KCD_kira.mp3,
14,TAEME_təme.wav,,audio/x-wav,audio/TAEME_t%C9%99me.mp3,
15,ENDE_kɑkɑkən.wav,,audio/x-wav,audio/ENDE_k%C9%91k%C9%91k%C9%99n.mp3,
16,NMX_tuken.wav,,audio/x-wav,audio/NMX_tuken.mp3,
17,KCD_kntuni.wav,,audio/x-wav,audio/KCD_kntuni.mp3,
18,TAEME_kɑkəkən.wav,,audio/x-wav,audio/TAEME_k%C9%91k%C9%99k%C9%99n.mp3,
19,JEL_meggiak.wav,,audio/x-wav,audio/JEL_meggiak.mp3,
20,ENDE_toto.wav,,audio/x-wav,audio/ENDE_toto.mp3,
21,NMX_seite.wav,,audio/x-wav,audio/NMX_seite.mp3,
22,KCD_konsapr.wav,,audio/x-wav,audio/KCD_konsapr.mp3,
23,KCD_baror.wav,,audio/x-wav,audio/KCD_baror.mp3,
24,TAEME_jədəbi.wav,,audio/x-wav,audio/TAEME_j%C9%99d%C9%99bi.mp3,
25,ENDE_təmɑmɑ͡i.wav,,audio/x-wav,audio/ENDE_t%C9%99m%C9%91m%C9%91%CD%A1i.mp3,
26,NMX_meinyotyo.wav,,audio/x-wav,audio/NMX_meinyotyo.mp3,
27,KCD_yimpmperte.wav,,audio/x-wav,audio/KCD_yimpmperte.mp3,
28,TAEME_kwɪɲbi.wav,,audio/x-wav,audio/TAEME_kw%C9%AA%C9%B2bi.mp3,
29,JEL_ngag.wav,,audio/x-wav,audio/JEL_ngag.mp3,
30,ENDE_ɑnkom.wav,,audio/x-wav,audio/ENDE_%C9%91nkom.mp3,
31,NMX_ghemban.wav,,audio/x-wav,audio/NMX_ghemban.mp3,
32,KCD_saei.wav,,audio/x-wav,audio/KCD_saei.mp3,
33,TAEME_ɑnkom.wav,,audio/x-wav,audio/TAEME_%C9%91nkom.mp3,
34,ENDE_ʈ͡ʂɑŋ.wav,,audio/x-wav,audio/ENDE_%CA%88%CD%A1%CA%82%C9%91%C5%8B.mp3,
35,KCD_swa.wav,,audio/x-wav,audio/KCD_swa.mp3,
36,TAEME_ʈ͡ʂæŋ.wav,,audio/x-wav,audio/TAEME_%CA%88%CD%A1%CA%82%C3%A6%C5%8B.mp3,
37,ENDE_təboɽ.wav,,audio/x-wav,audio/ENDE_t%C9%99bo%C9%BD.mp3,
38,NMX_fimb.wav,,audio/x-wav,audio/NMX_fimb.mp3,
39,KCD_tamintu.wav,,audio/x-wav,audio/KCD_tamintu.mp3,
40,TAEME_tɑbol.wav,,audio/x-wav,audio/TAEME_t%C9%91bol.mp3,
41,ENDE_pɑkos.wav,,audio/x-wav,audio/ENDE_p%C9%91kos.mp3,
42,NMX_besi.wav,,audio/x-wav,audio/NMX_besi.mp3,
43,KCD_songk.wav,,audio/x-wav,audio/KCD_songk.mp3,
44,TAEME_pɑkos.wav,,audio/x-wav,audio/TAEME_p%C9%91kos.mp3,
45,ENDE_dompɑ.wav,,audio/x-wav,audio/ENDE_domp%C9%91.mp3,
46,NMX_dubai.wav,,audio/x-wav,audio/NMX_dubai.mp3,
47,KCD_bpe.wav,,audio/x-wav,audio/KCD_bpe.mp3,
48,TAEME_dopɑ͡i.wav,,audio/x-wav,audio/TAEME_dop%C9%91%CD%A1i.mp3,
49,ENDE_ɖ͡ʐɑŋoɽ.wav,,audio/x-wav,audio/ENDE_%C9%96%CD%A1%CA%90%C9%91%C5%8Bo%C9%BD.mp3,
50,NMX_tot.wav,,audio/x-wav,audio/NMX_tot.mp3,
51,KCD_porowo.wav,,audio/x-wav,audio/KCD_porowo.mp3,
52,TAEME_drɑŋɡol.wav,,audio/x-wav,audio/TAEME_dr%C9%91%C5%8B%C9%A1ol.mp3,
53,ENDE_tuk e.wav,,audio/x-wav,audio/ENDE_tuk%20e.mp3,
54,NMX_armbogh.wav,,audio/x-wav,audio/NMX_armbogh.mp3,
55,KCD_ture.wav,,audio/x-wav,audio/KCD_ture.mp3,
56,TAEME_tuk we.wav,,audio/x-wav,audio/TAEME_tuk%20we.mp3,
57,ENDE_ikɹoɽ.wav,,audio/x-wav,audio/ENDE_ik%C9%B9o%C9%BD.mp3,
58,NMX_fak.wav,,audio/x-wav,audio/NMX_fak.mp3,
59,KCD_pwt.wav,,audio/x-wav,audio/KCD_pwt.mp3,
60,TAEME_ju dir.wav,,audio/x-wav,audio/TAEME_ju%20dir.mp3,
61,ENDE_tuɹik.wav,,audio/x-wav,audio/ENDE_tu%C9%B9ik.mp3,
62,NMX_mbile.wav,,audio/x-wav,audio/NMX_mbile.mp3,
63,KCD_mpaeswm.wav,,audio/x-wav,audio/KCD_mpaeswm.mp3,
64,TAEME_ɑtem.wav,,audio/x-wav,audio/TAEME_%C9%91tem.mp3,
65,ENDE_ɽɨg kəlsɹe.wav,,audio/x-wav,audio/ENDE_%C9%BD%C9%A8g%20k%C9%99ls%C9%B9e.mp3,
66,NMX_fasri.wav,,audio/x-wav,audio/NMX_fasri.mp3,
67,KCD_klawo.wav,,audio/x-wav,audio/KCD_klawo.mp3,
68,TAEME_kæsup.wav,,audio/x-wav,audio/TAEME_k%C3%A6sup.mp3,
69,ENDE_ɖ͡ʐəg.wav,,audio/x-wav,audio/ENDE_%C9%96%CD%A1%CA%90%C9%99g.mp3,
70,NMX_sem.wav,,audio/x-wav,audio/NMX_sem.mp3,
71,KCD_mpar.wav,,audio/x-wav,audio/KCD_mpar.mp3,
72,TAEME_ɖ͡ʐəɡ.wav,,audio/x-wav,audio/TAEME_%C9%96%CD%A1%CA%90%C9%99%C9%A1.mp3,
73,ENDE_gɑgəɽ.wav,,audio/x-wav,audio/ENDE_g%C9%91g%C9%99%C9%BD.mp3,
74,NMX_mamafi.wav,,audio/x-wav,audio/NMX_mamafi.mp3,
75,KCD_yeko_mpiaete.wav,,audio/x-wav,audio/KCD_yeko_mpiaete.mp3,
76,TAEME_ɡoɡəl.wav,,audio/x-wav,audio/TAEME_%C9%A1o%C9%A1%C9%99l.mp3,
77,JEL_ngem_maya_ko.wav,,audio/x-wav,audio/JEL_ngem_maya_ko.mp3,
78,ENDE_təl.wav,,audio/x-wav,audio/ENDE_t%C9%99l.mp3,
79,NMX_namb.wav,,audio/x-wav,audio/NMX_namb.mp3,
80,KCD_yla.wav,,audio/x-wav,audio/KCD_yla.mp3,
81,TAEME_bəɡəʎ.wav,,audio/x-wav,audio/TAEME_b%C9%99%C9%A1%C9%99%CA%8E.mp3,
82,ENDE_boɹɑɹe.wav,,audio/x-wav,audio/ENDE_bo%C9%B9%C9%91%C9%B9e.mp3,
83,KCD_kure.wav,,audio/x-wav,audio/KCD_kure.mp3,
84,TAEME_boɹɑɹo.wav,,audio/x-wav,audio/TAEME_bo%C9%B9%C9%91%C9%B9o.mp3,
85,ENDE_təl giɹi.wav,,audio/x-wav,audio/ENDE_t%C9%99l%20gi%C9%B9i.mp3,
86,KCD_bi.wav,,audio/x-wav,audio/KCD_bi.mp3,
87,TAEME_toŋɡo nɑ͡ipɑ.wav,,audio/x-wav,audio/TAEME_to%C5%8B%C9%A1o%20n%C9%91%CD%A1ip%C9%91.mp3,
88,ENDE_wup.wav,,audio/x-wav,audio/ENDE_wup.mp3,
89,NMX_nanji.wav,,audio/x-wav,audio/NMX_nanji.mp3,
90,KCD_teya.wav,,audio/x-wav,audio/KCD_teya.mp3,
91,TAEME_kɑpe.wav,,audio/x-wav,audio/TAEME_k%C9%91pe.mp3,
92,ENDE_wup ʈ͡ʂɑm .wav,,audio/x-wav,audio/ENDE_wup%20%CA%88%CD%A1%CA%82%C9%91m%20.mp3,
93,NMX_nanji_arau.wav,,audio/x-wav,audio/NMX_nanji_arau.mp3,
94,TAEME_kɑpe ʈ͡ʂæm.wav,,audio/x-wav,audio/TAEME_k%C9%91pe%20%CA%88%CD%A1%CA%82%C3%A6m.mp3,
95,ENDE_mɑ͡igəg.wav,,audio/x-wav,audio/ENDE_m%C9%91%CD%A1ig%C9%99g.mp3,
96,NMX_narar.wav,,audio/x-wav,audio/NMX_narar.mp3,
97,TAEME_meɡəɡ.wav,,audio/x-wav,audio/TAEME_me%C9%A1%C9%99%C9%A1.mp3,
98,ENDE_ɲɛɲ.wav,,audio/x-wav,audio/ENDE_%C9%B2%C9%9B%C9%B2.mp3,
99,NMX_kend.wav,,audio/x-wav,audio/NMX_kend.mp3,
100,KCD_pr_kaeikaei.wav,,audio/x-wav,audio/KCD_pr_kaeikaei.mp3,
101,TAEME_jɛnim.wav,,audio/x-wav,audio/TAEME_j%C9%9Bnim.mp3,
102,ENDE_titi.wav,,audio/x-wav,audio/ENDE_titi.mp3,
103,NMX_mbimbinasi.wav,,audio/x-wav,audio/NMX_mbimbinasi.mp3,
104,TAEME_titi.wav,,audio/x-wav,audio/TAEME_titi.mp3,
105,ENDE_tɑtu.wav,,audio/x-wav,audio/ENDE_t%C9%91tu.mp3,
106,KCD_pawr_ompe.wav,,audio/x-wav,audio/KCD_pawr_ompe.mp3,
107,TAEME_tɛtu.wav,,audio/x-wav,audio/TAEME_t%C9%9Btu.mp3,
108,ENDE_kəm.wav,,audio/x-wav,audio/ENDE_k%C9%99m.mp3,
109,NMX_fut.wav,,audio/x-wav,audio/NMX_fut.mp3,
110,KCD_toku.wav,,audio/x-wav,audio/KCD_toku.mp3,
111,TAEME_kəm.wav,,audio/x-wav,audio/TAEME_k%C9%99m.mp3,
112,ENDE_kəmgɑɹ.wav,,audio/x-wav,audio/ENDE_k%C9%99mg%C9%91%C9%B9.mp3,
113,NMX_yowan.wav,,audio/x-wav,audio/NMX_yowan.mp3,
114,KCD_tuni.wav,,audio/x-wav,audio/KCD_tuni.mp3,
115,TAEME_wəmæni.wav,,audio/x-wav,audio/TAEME_w%C9%99m%C3%A6ni.mp3,
116,JEL_u'kuwak.wav,,audio/x-wav,audio/JEL_u'kuwak.mp3,
117,ENDE_bəɽəg kəp.wav,,audio/x-wav,audio/ENDE_b%C9%99%C9%BD%C9%99g%20k%C9%99p.mp3,
118,KCD_snm.wav,,audio/x-wav,audio/KCD_snm.mp3,
119,TAEME_bələɡ kəp.wav,,audio/x-wav,audio/TAEME_b%C9%99l%C9%99%C9%A1%20k%C9%99p.mp3,
120,ENDE_uɽe.wav,,audio/x-wav,audio/ENDE_u%C9%BDe.mp3,
121,NMX_ndimbal.wav,,audio/x-wav,audio/NMX_ndimbal.mp3,
122,KCD_ntop.wav,,audio/x-wav,audio/KCD_ntop.mp3,
123,TAEME_kwɑk1.wav,,audio/x-wav,audio/TAEME_kw%C9%91k1.mp3,
124,JEL_balak.wav,,audio/x-wav,audio/JEL_balak.mp3,
125,ENDE_ɲəŋ.wav,,audio/x-wav,audio/ENDE_%C9%B2%C9%99%C5%8B.mp3,
126,KCD_kaempln.wav,,audio/x-wav,audio/KCD_kaempln.mp3,
127,TAEME_ɲəŋ.wav,,audio/x-wav,audio/TAEME_%C9%B2%C9%99%C5%8B.mp3,
128,ENDE_pɑ.wav,,audio/x-wav,audio/ENDE_p%C9%91.mp3,
129,NMX_men.wav,,audio/x-wav,audio/NMX_men.mp3,
130,KCD_sento.wav,,audio/x-wav,audio/KCD_sento.mp3,
131,TAEME_pɑ.wav,,audio/x-wav,audio/TAEME_p%C9%91.mp3,
132,ENDE_kɑkɑjɑm.wav,,audio/x-wav,audio/ENDE_k%C9%91k%C9%91j%C9%91m.mp3,
133,NMX_kakayam.wav,,audio/x-wav,audio/NMX_kakayam.mp3,
134,KCD_aekr.wav,,audio/x-wav,audio/KCD_aekr.mp3,
135,TAEME_kɑkɑjæm.wav,,audio/x-wav,audio/TAEME_k%C9%91k%C9%91j%C3%A6m.mp3,
136,ENDE_ɖ͡ʐəɖ͡ʐəg.wav,,audio/x-wav,audio/ENDE_%C9%96%CD%A1%CA%90%C9%99%C9%96%CD%A1%CA%90%C9%99g.mp3,
137,NMX_raregh.wav,,audio/x-wav,audio/NMX_raregh.mp3,
138,KCD_srwert.wav,,audio/x-wav,audio/KCD_srwert.mp3,
139,TAEME_məlɑŋən.wav,,audio/x-wav,audio/TAEME_m%C9%99l%C9%91%C5%8B%C9%99n.mp3,
140,ENDE_dɨl.wav,,audio/x-wav,audio/ENDE_d%C9%A8l.mp3,
141,NMX_ghafte.wav,,audio/x-wav,audio/NMX_ghafte.mp3,
142,KCD_sam.wav,,audio/x-wav,audio/KCD_sam.mp3,
143,TAEME_dəri.wav,,audio/x-wav,audio/TAEME_d%C9%99ri.mp3,
144,ENDE_bɨtbɨt.wav,,audio/x-wav,audio/ENDE_b%C9%A8tb%C9%A8t.mp3,
145,NMX_kwefite.wav,,audio/x-wav,audio/NMX_kwefite.mp3,
146,KCD_wanswa.wav,,audio/x-wav,audio/KCD_wanswa.mp3,
147,TAEME_kwɪtkwɪt.wav,,audio/x-wav,audio/TAEME_kw%C9%AAtkw%C9%AAt.mp3,
148,JEL_temi.wav,,audio/x-wav,audio/JEL_temi.mp3,
149,ENDE_mɑm.wav,,audio/x-wav,audio/ENDE_m%C9%91m.mp3,
150,NMX_ferek.wav,,audio/x-wav,audio/NMX_ferek.mp3,
151,KCD_mpl.wav,,audio/x-wav,audio/KCD_mpl.mp3,
152,TAEME_mæm.wav,,audio/x-wav,audio/TAEME_m%C3%A6m.mp3,
153,ENDE_pədo͡i.wav,,audio/x-wav,audio/ENDE_p%C9%99do%CD%A1i.mp3,
154,TAEME_pədu͡i.wav,,audio/x-wav,audio/TAEME_p%C9%99du%CD%A1i.mp3,
155,ENDE_pədo͡i.wav,,audio/x-wav,audio/ENDE_p%C9%99do%CD%A1i.mp3,
156,KCD_slusient.wav,,audio/x-wav,audio/KCD_slusient.mp3,
157,TAEME_nɪpədu͡i.wav,,audio/x-wav,audio/TAEME_n%C9%AAp%C9%99du%CD%A1i.mp3,
158,ENDE_ɽiŋmɛɲ.wav,,audio/x-wav,audio/ENDE_%C9%BDi%C5%8Bm%C9%9B%C9%B2.mp3,
159,NMX_ndembute.wav,,audio/x-wav,audio/NMX_ndembute.mp3,
160,KCD_nekwa.wav,,audio/x-wav,audio/KCD_nekwa.mp3,
161,TAEME_ləŋmiɲ.wav,,audio/x-wav,audio/TAEME_l%C9%99%C5%8Bmi%C9%B2.mp3,
162,ENDE_kuʈ͡ʂ.wav,,audio/x-wav,audio/ENDE_ku%CA%88%CD%A1%CA%82.mp3,
163,NMX_sot.wav,,audio/x-wav,audio/NMX_sot.mp3,
164,KCD_mpar.wav,,audio/x-wav,audio/KCD_mpar.mp3,
165,TAEME_kwɪʈ͡ʂ.wav,,audio/x-wav,audio/TAEME_kw%C9%AA%CA%88%CD%A1%CA%82.mp3,
166,NMX_namb.wav,,audio/x-wav,audio/NMX_namb.mp3,
167,KCD_supel.wav,,audio/x-wav,audio/KCD_supel.mp3,
168,TAEME_bəɡəʎ1.wav,,audio/x-wav,audio/TAEME_b%C9%99%C9%A1%C9%99%CA%8E1.mp3,
169,ENDE_ɽo ɖ͡ʐɑge.wav,,audio/x-wav,audio/ENDE_%C9%BDo%20%C9%96%CD%A1%CA%90%C9%91ge.mp3,
170,NMX_kafe.wav,,audio/x-wav,audio/NMX_kafe.mp3,
171,TAEME_tɑrko.wav,,audio/x-wav,audio/TAEME_t%C9%91rko.mp3,
172,ENDE_ʈ͡ʂəkɑm.wav,,audio/x-wav,audio/ENDE_%CA%88%CD%A1%CA%82%C9%99k%C9%91m.mp3,
173,NMX_rafaregh.wav,,audio/x-wav,audio/NMX_rafaregh.mp3,
174,TAEME_ʈ͡ʂəkɑm.wav,,audio/x-wav,audio/TAEME_%CA%88%CD%A1%CA%82%C9%99k%C9%91m.mp3,
175,ENDE_ŋɑm.wav,,audio/x-wav,audio/ENDE_%C5%8B%C9%91m.mp3,
176,NMX_nono.wav,,audio/x-wav,audio/NMX_nono.mp3,
177,KCD_ber.wav,,audio/x-wav,audio/KCD_ber.mp3,
178,TAEME_ŋæm.wav,,audio/x-wav,audio/TAEME_%C5%8B%C3%A6m.mp3,
179,ENDE_ɑmtɛt.wav,,audio/x-wav,audio/ENDE_%C9%91mt%C9%9Bt.mp3,
180,KCD_temae.wav,,audio/x-wav,audio/KCD_temae.mp3,
181,TAEME_æmtɛt.wav,,audio/x-wav,audio/TAEME_%C3%A6mt%C9%9Bt.mp3,
182,ENDE_mɑŋ.wav,,audio/x-wav,audio/ENDE_m%C9%91%C5%8B.mp3,
183,NMX_ane.wav,,audio/x-wav,audio/NMX_ane.mp3,
184,TAEME_mɑŋ.wav,,audio/x-wav,audio/TAEME_m%C9%91%C5%8B.mp3,
185,ENDE_ʈ͡ʂəɽəp.wav,,audio/x-wav,audio/ENDE_%CA%88%CD%A1%CA%82%C9%99%C9%BD%C9%99p.mp3,
186,KCD_ntrpesgor.wav,,audio/x-wav,audio/KCD_ntrpesgor.mp3,
187,TAEME_ʈ͡ʂələp.wav,,audio/x-wav,audio/TAEME_%CA%88%CD%A1%CA%82%C9%99l%C9%99p.mp3,
188,ENDE_wɑgɽɑ.wav,,audio/x-wav,audio/ENDE_w%C9%91g%C9%BD%C9%91.mp3,
189,TAEME_mələs.wav,,audio/x-wav,audio/TAEME_m%C9%99l%C9%99s.mp3,
190,ENDE_pɛnɑŋg.wav,,audio/x-wav,audio/ENDE_p%C9%9Bn%C9%91%C5%8Bg.mp3,
191,NMX_akeraregh.wav,,audio/x-wav,audio/NMX_akeraregh.mp3,
192,TAEME_ɲoŋɡ.wav,,audio/x-wav,audio/TAEME_%C9%B2o%C5%8B%C9%A1.mp3,
193,ENDE_pɛnɑŋg.wav,,audio/x-wav,audio/ENDE_p%C9%9Bn%C9%91%C5%8Bg.mp3,
194,NMX_warogh.wav,,audio/x-wav,audio/NMX_warogh.mp3,
195,KCD_nounɡkei.wav,,audio/x-wav,audio/KCD_noun%C9%A1kei.mp3,
196,TAEME_nɑɲoŋɡ.wav,,audio/x-wav,audio/TAEME_n%C9%91%C9%B2o%C5%8B%C9%A1.mp3,
197,NMX_mbanguram.wav,,audio/x-wav,audio/NMX_mbanguram.mp3,
198,KCD_kakl.wav,,audio/x-wav,audio/KCD_kakl.mp3,
199,TAEME_kɑbəkɑbəl.wav,,audio/x-wav,audio/TAEME_k%C9%91b%C9%99k%C9%91b%C9%99l.mp3,
200,ENDE_kum.wav,,audio/x-wav,audio/ENDE_kum.mp3,
201,NMX_kwemb.wav,,audio/x-wav,audio/NMX_kwemb.mp3,
202,KCD_bi.wav,,audio/x-wav,audio/KCD_bi.mp3,
203,TAEME_kwɪm.wav,,audio/x-wav,audio/TAEME_kw%C9%AAm.mp3,
204,ENDE_gɑɽ.wav,,audio/x-wav,audio/ENDE_g%C9%91%C9%BD.mp3,
205,NMX_sekw.wav,,audio/x-wav,audio/NMX_sekw.mp3,
206,KCD_br.wav,,audio/x-wav,audio/KCD_br.mp3,
207,TAEME_ɡɛʎ.wav,,audio/x-wav,audio/TAEME_%C9%A1%C9%9B%CA%8E.mp3,
208,ENDE_kɑpu.wav,,audio/x-wav,audio/ENDE_k%C9%91pu.mp3,
209,NMX_resagh.wav,,audio/x-wav,audio/NMX_resagh.mp3,
210,KCD_kronto.wav,,audio/x-wav,audio/KCD_kronto.mp3,
211,TAEME_kæpu.wav,,audio/x-wav,audio/TAEME_k%C3%A6pu.mp3,
212,ENDE_mɑnikɑ.wav,,audio/x-wav,audio/ENDE_m%C9%91nik%C9%91.mp3,
213,NMX_biskar.wav,,audio/x-wav,audio/NMX_biskar.mp3,
214,KCD_wiskar.wav,,audio/x-wav,audio/KCD_wiskar.mp3,
215,TAEME_biskɑɹ.wav,,audio/x-wav,audio/TAEME_bisk%C9%91%C9%B9.mp3,
216,ENDE_diɹom.wav,,audio/x-wav,audio/ENDE_di%C9%B9om.mp3,
217,NMX_auye.wav,,audio/x-wav,audio/NMX_auye.mp3,
218,KCD_mpowr.wav,,audio/x-wav,audio/KCD_mpowr.mp3,
219,TAEME_dirɪm.wav,,audio/x-wav,audio/TAEME_dir%C9%AAm.mp3,
220,ENDE_wɑso.wav,,audio/x-wav,audio/ENDE_w%C9%91so.mp3,
221,NMX_sewi.wav,,audio/x-wav,audio/NMX_sewi.mp3,
222,TAEME_wɑso.wav,,audio/x-wav,audio/TAEME_w%C9%91so.mp3,
223,ENDE_kəmo.wav,,audio/x-wav,audio/ENDE_k%C9%99mo.mp3,
224,NMX_nderkame.wav,,audio/x-wav,audio/NMX_nderkame.mp3,
225,KCD_bm.wav,,audio/x-wav,audio/KCD_bm.mp3,
226,TAEME_kəmo.wav,,audio/x-wav,audio/TAEME_k%C9%99mo.mp3,
227,ENDE_ju toɹkomoɽ.wav,,audio/x-wav,audio/ENDE_ju%20to%C9%B9komo%C9%BD.mp3,
228,NMX_sanko.wav,,audio/x-wav,audio/NMX_sanko.mp3,
229,KCD_trpu.wav,,audio/x-wav,audio/KCD_trpu.mp3,
230,TAEME_ju ti.wav,,audio/x-wav,audio/TAEME_ju%20ti.mp3,
231,ENDE_ɽɨg.wav,,audio/x-wav,audio/ENDE_%C9%BD%C9%A8g.mp3,
232,KCD_klawo.wav,,audio/x-wav,audio/KCD_klawo.mp3,
233,TAEME_ɡɑld.wav,,audio/x-wav,audio/TAEME_%C9%A1%C9%91ld.mp3,
234,ENDE_ɽɨpɨt.wav,,audio/x-wav,audio/ENDE_%C9%BD%C9%A8p%C9%A8t.mp3,
235,NMX_ngange.wav,,audio/x-wav,audio/NMX_ngange.mp3,
236,KCD_nitro.wav,,audio/x-wav,audio/KCD_nitro.mp3,
237,TAEME_lɪpɪt.wav,,audio/x-wav,audio/TAEME_l%C9%AAp%C9%AAt.mp3,
238,ENDE_jɛnɖ͡ʐənɑ.wav,,audio/x-wav,audio/ENDE_j%C9%9Bn%C9%96%CD%A1%CA%90%C9%99n%C9%91.mp3,
239,NMX_saf.wav,,audio/x-wav,audio/NMX_saf.mp3,
240,KCD_taelmpaei.wav,,audio/x-wav,audio/KCD_taelmpaei.mp3,
241,KCD_wongko.wav,,audio/x-wav,audio/KCD_wongko.mp3,
242,TAEME_ɖ͡ʐənɛ.wav,,audio/x-wav,audio/TAEME_%C9%96%CD%A1%CA%90%C9%99n%C9%9B.mp3,
243,ENDE_kəkɑn.wav,,audio/x-wav,audio/ENDE_k%C9%99k%C9%91n.mp3,
244,NMX_njafar_kwamkwam.wav,,audio/x-wav,audio/NMX_njafar_kwamkwam.mp3,
245,KCD_klklu.wav,,audio/x-wav,audio/KCD_klklu.mp3,
246,TAEME_ɖ͡ʐɑpɑl kəle.wav,,audio/x-wav,audio/TAEME_%C9%96%CD%A1%CA%90%C9%91p%C9%91l%20k%C9%99le.mp3,
247,ENDE_bu͡iɖ͡ʐe.wav,,audio/x-wav,audio/ENDE_bu%CD%A1i%C9%96%CD%A1%CA%90e.mp3,
248,NMX_farasi.wav,,audio/x-wav,audio/NMX_farasi.mp3,
249,KCD_bpe.wav,,audio/x-wav,audio/KCD_bpe.mp3,
250,TAEME_budi.wav,,audio/x-wav,audio/TAEME_budi.mp3,
251,ENDE_ɲoŋɑ.wav,,audio/x-wav,audio/ENDE_%C9%B2o%C5%8B%C9%91.mp3,
252,NMX_kafe.wav,,audio/x-wav,audio/NMX_kafe.mp3,
253,KCD_kaepe.wav,,audio/x-wav,audio/KCD_kaepe.mp3,
254,TAEME_tewe.wav,,audio/x-wav,audio/TAEME_tewe.mp3,
255,ENDE_ŋe ʈ͡ʂɑm .wav,,audio/x-wav,audio/ENDE_%C5%8Be%20%CA%88%CD%A1%CA%82%C9%91m%20.mp3,
256,NMX_as_terne.wav,,audio/x-wav,audio/NMX_as_terne.mp3,
257,TAEME_ŋi ʈ͡ʂæm.wav,,audio/x-wav,audio/TAEME_%C5%8Bi%20%CA%88%CD%A1%CA%82%C3%A6m.mp3,
258,ENDE_ŋe ɽo.wav,,audio/x-wav,audio/ENDE_%C5%8Be%20%C9%BDo.mp3,
259,NMX_as.wav,,audio/x-wav,audio/NMX_as.mp3,
260,KCD_po_pr.wav,,audio/x-wav,audio/KCD_po_pr.mp3,
261,TAEME_ŋi pəʈ͡ʂ.wav,,audio/x-wav,audio/TAEME_%C5%8Bi%20p%C9%99%CA%88%CD%A1%CA%82.mp3,
262,ENDE_tubɑ.wav,,audio/x-wav,audio/ENDE_tub%C9%91.mp3,
263,NMX_sigeru.wav,,audio/x-wav,audio/NMX_sigeru.mp3,
264,KCD_po_atka.wav,,audio/x-wav,audio/KCD_po_atka.mp3,
265,TAEME_tubɛ.wav,,audio/x-wav,audio/TAEME_tub%C9%9B.mp3,
266,ENDE_kədkəd.wav,,audio/x-wav,audio/ENDE_k%C9%99dk%C9%99d.mp3,
267,NMX_krufret.wav,,audio/x-wav,audio/NMX_krufret.mp3,
268,KCD_mpngk.wav,,audio/x-wav,audio/KCD_mpngk.mp3,
269,TAEME_kədəkədə.wav,,audio/x-wav,audio/TAEME_k%C9%99d%C9%99k%C9%99d%C9%99.mp3,
270,ENDE_wiɑ.wav,,audio/x-wav,audio/ENDE_wi%C9%91.mp3,
271,TAEME_ɑbe.wav,,audio/x-wav,audio/TAEME_%C9%91be.mp3,
272,ENDE_gonɑn.wav,,audio/x-wav,audio/ENDE_gon%C9%91n.mp3,
273,NMX_enegh.wav,,audio/x-wav,audio/NMX_enegh.mp3,
274,KCD_srmakernt.wav,,audio/x-wav,audio/KCD_srmakernt.mp3,
275,TAEME_pep.wav,,audio/x-wav,audio/TAEME_pep.mp3,
276,ENDE_liglig.wav,,audio/x-wav,audio/ENDE_liglig.mp3,
277,TAEME_lɛlɛɡ.wav,,audio/x-wav,audio/TAEME_l%C9%9Bl%C9%9B%C9%A1.mp3,
278,ENDE_bɽɑbɽɑ.wav,,audio/x-wav,audio/ENDE_b%C9%BD%C9%91b%C9%BD%C9%91.mp3,
279,TAEME_bɑlɑwɑ.wav,,audio/x-wav,audio/TAEME_b%C9%91l%C9%91w%C9%91.mp3,
280,ENDE_ʈ͡ʂiŋɑnɨn.wav,,audio/x-wav,audio/ENDE_%CA%88%CD%A1%CA%82i%C5%8B%C9%91n%C9%A8n.mp3,
281,NMX_wafegh.wav,,audio/x-wav,audio/NMX_wafegh.mp3,
282,KCD_krapsient.wav,,audio/x-wav,audio/KCD_krapsient.mp3,
283,TAEME_ŋəʈ͡ʂænɪn.wav,,audio/x-wav,audio/TAEME_%C5%8B%C9%99%CA%88%CD%A1%CA%82%C3%A6n%C9%AAn.mp3,
284,ENDE_kəzɑ.wav,,audio/x-wav,audio/ENDE_k%C9%99z%C9%91.mp3,
285,NMX_gasiye.wav,,audio/x-wav,audio/NMX_gasiye.mp3,
286,KCD_keri.wav,,audio/x-wav,audio/KCD_keri.mp3,
287,TAEME_kəzɑ.wav,,audio/x-wav,audio/TAEME_k%C9%99z%C9%91.mp3,
288,ENDE_pɑpe.wav,,audio/x-wav,audio/ENDE_p%C9%91pe.mp3,
289,NMX_senanegh.wav,,audio/x-wav,audio/NMX_senanegh.mp3,
290,KCD_srrtont.wav,,audio/x-wav,audio/KCD_srrtont.mp3,
291,TAEME_pæpe.wav,,audio/x-wav,audio/TAEME_p%C3%A6pe.mp3,
292,ENDE_ŋənɑ͡ikɑ.wav,,audio/x-wav,audio/ENDE_%C5%8B%C9%99n%C9%91%CD%A1ik%C9%91.mp3,
293,NMX_engegh.wav,,audio/x-wav,audio/NMX_engegh.mp3,
294,KCD_yua.wav,,audio/x-wav,audio/KCD_yua.mp3,
295,TAEME_ŋənæ.wav,,audio/x-wav,audio/TAEME_%C5%8B%C9%99n%C3%A6.mp3,
296,ENDE_bɑ͡it.wav,,audio/x-wav,audio/ENDE_b%C9%91%CD%A1it.mp3,
297,NMX_noti.wav,,audio/x-wav,audio/NMX_noti.mp3,
298,KCD_kspl.wav,,audio/x-wav,audio/KCD_kspl.mp3,
299,TAEME_towɑl.wav,,audio/x-wav,audio/TAEME_tow%C9%91l.mp3,
300,ENDE_koko.wav,,audio/x-wav,audio/ENDE_koko.mp3,
301,KCD_storu.wav,,audio/x-wav,audio/KCD_storu.mp3,
302,TAEME_koko.wav,,audio/x-wav,audio/TAEME_koko.mp3,
303,ENDE_iŋoŋ.wav,,audio/x-wav,audio/ENDE_i%C5%8Bo%C5%8B.mp3,
304,NMX_wagh.wav,,audio/x-wav,audio/NMX_wagh.mp3,
305,KCD_bele.wav,,audio/x-wav,audio/KCD_bele.mp3,
306,TAEME_jiŋjiŋ.wav,,audio/x-wav,audio/TAEME_ji%C5%8Bji%C5%8B.mp3,
307,ENDE_iŋoŋ.wav,,audio/x-wav,audio/ENDE_i%C5%8Bo%C5%8B.mp3,
308,NMX_ermangegh.wav,,audio/x-wav,audio/NMX_ermangegh.mp3,
309,KCD_bele_kowant.wav,,audio/x-wav,audio/KCD_bele_kowant.mp3,
310,TAEME_jɛɲiŋ.wav,,audio/x-wav,audio/TAEME_j%C9%9B%C9%B2i%C5%8B.mp3,
311,ENDE_ɛbdo.wav,,audio/x-wav,audio/ENDE_%C9%9Bbdo.mp3,
312,NMX_efogh.wav,,audio/x-wav,audio/NMX_efogh.mp3,
313,KCD_konsapr.wav,,audio/x-wav,audio/KCD_konsapr.mp3,
314,TAEME_jɛbədo.wav,,audio/x-wav,audio/TAEME_j%C9%9Bb%C9%99do.mp3,
315,ENDE_kəɽəɽ.wav,,audio/x-wav,audio/ENDE_k%C9%99%C9%BD%C9%99%C9%BD.mp3,
316,TAEME_kwɪlɪl.wav,,audio/x-wav,audio/TAEME_kw%C9%AAl%C9%AAl.mp3,
317,ENDE_ɖ͡ʐiɑ.wav,,audio/x-wav,audio/ENDE_%C9%96%CD%A1%CA%90i%C9%91.mp3,
318,NMX_ruse.wav,,audio/x-wav,audio/NMX_ruse.mp3,
319,KCD_sakla_wa.wav,,audio/x-wav,audio/KCD_sakla_wa.mp3,
320,TAEME_ɖ͡ʐie.wav,,audio/x-wav,audio/TAEME_%C9%96%CD%A1%CA%90ie.mp3,
321,ENDE_ekɑkɽe we.wav,,audio/x-wav,audio/ENDE_ek%C9%91k%C9%BDe%20we.mp3,
322,NMX_eworegh.wav,,audio/x-wav,audio/NMX_eworegh.mp3,
323,KCD_kolme.wav,,audio/x-wav,audio/KCD_kolme.mp3,
324,TAEME_jekɑkle we.wav,,audio/x-wav,audio/TAEME_jek%C9%91kle%20we.mp3,
325,ENDE_kuɖ͡ʐəɽ.wav,,audio/x-wav,audio/ENDE_ku%C9%96%CD%A1%CA%90%C9%99%C9%BD.mp3,
326,NMX_ker.wav,,audio/x-wav,audio/NMX_ker.mp3,
327,TAEME_kwɛɖ͡ʐəl.wav,,audio/x-wav,audio/TAEME_kw%C9%9B%C9%96%CD%A1%CA%90%C9%99l.mp3,
328,ENDE_kəɽkəɽe.wav,,audio/x-wav,audio/ENDE_k%C9%99%C9%BDk%C9%99%C9%BDe.mp3,
329,NMX_taregh.wav,,audio/x-wav,audio/NMX_taregh.mp3,
330,KCD_srtront.wav,,audio/x-wav,audio/KCD_srtront.mp3,
331,TAEME_kəʎkəʎ.wav,,audio/x-wav,audio/TAEME_k%C9%99%CA%8Ek%C9%99%CA%8E.mp3,
332,ENDE_dəɹəŋ.wav,,audio/x-wav,audio/ENDE_d%C9%99%C9%B9%C9%99%C5%8B.mp3,
333,NMX_aghe.wav,,audio/x-wav,audio/NMX_aghe.mp3,
334,KCD_krar.wav,,audio/x-wav,audio/KCD_krar.mp3,
335,TAEME_dəɹəŋ.wav,,audio/x-wav,audio/TAEME_d%C9%99%C9%B9%C9%99%C5%8B.mp3,
336,ENDE_jon.wav,,audio/x-wav,audio/ENDE_jon.mp3,
337,NMX_onjo.wav,,audio/x-wav,audio/NMX_onjo.mp3,
338,KCD_yortr.wav,,audio/x-wav,audio/KCD_yortr.mp3,
339,TAEME_jon.wav,,audio/x-wav,audio/TAEME_jon.mp3,
340,ENDE_nɑne.wav,,audio/x-wav,audio/ENDE_n%C9%91ne.mp3,
341,NMX_ne.wav,,audio/x-wav,audio/NMX_ne.mp3,
342,KCD_krowne.wav,,audio/x-wav,audio/KCD_krowne.mp3,
343,TAEME_næne.wav,,audio/x-wav,audio/TAEME_n%C3%A6ne.mp3,
344,NMX_brubru.wav,,audio/x-wav,audio/NMX_brubru.mp3,
345,KCD_putkle.wav,,audio/x-wav,audio/KCD_putkle.mp3,
346,TAEME_ɛlɪp.wav,,audio/x-wav,audio/TAEME_%C9%9Bl%C9%AAp.mp3,
347,ENDE_pəɹəl.wav,,audio/x-wav,audio/ENDE_p%C9%99%C9%B9%C9%99l.mp3,
348,NMX_ghernat.wav,,audio/x-wav,audio/NMX_ghernat.mp3,
349,KCD_seskalwa.wav,,audio/x-wav,audio/KCD_seskalwa.mp3,
350,TAEME_pərɛʎ.wav,,audio/x-wav,audio/TAEME_p%C9%99r%C9%9B%CA%8E.mp3,
351,ENDE_jəbəd bəŋ.wav,,audio/x-wav,audio/ENDE_j%C9%99b%C9%99d%20b%C9%99%C5%8B.mp3,
352,NMX_efogh_yu.wav,,audio/x-wav,audio/NMX_efogh_yu.mp3,
353,KCD_watar.wav,,audio/x-wav,audio/KCD_watar.mp3,
354,TAEME_jæbəd bəŋ.wav,,audio/x-wav,audio/TAEME_j%C3%A6b%C9%99d%20b%C9%99%C5%8B.mp3,
355,ENDE_pidoɹ.wav,,audio/x-wav,audio/ENDE_pido%C9%B9.mp3,
356,NMX_ndikaka.wav,,audio/x-wav,audio/NMX_ndikaka.mp3,
357,KCD_walina.wav,,audio/x-wav,audio/KCD_walina.mp3,
358,TAEME_piduɹ.wav,,audio/x-wav,audio/TAEME_pidu%C9%B9.mp3,
359,ENDE_ɽɑn.wav,,audio/x-wav,audio/ENDE_%C9%BD%C9%91n.mp3,
360,NMX_tengan.wav,,audio/x-wav,audio/NMX_tengan.mp3,
361,KCD_ntrngkon.wav,,audio/x-wav,audio/KCD_ntrngkon.mp3,
362,TAEME_lɑn.wav,,audio/x-wav,audio/TAEME_l%C9%91n.mp3,
363,ENDE_ekɑkɽe.wav,,audio/x-wav,audio/ENDE_ek%C9%91k%C9%BDe.mp3,
364,NMX_mband.wav,,audio/x-wav,audio/NMX_mband.mp3,
365,KCD_nel.wav,,audio/x-wav,audio/KCD_nel.mp3,
366,TAEME_jɛkɑkle.wav,,audio/x-wav,audio/TAEME_j%C9%9Bk%C9%91kle.mp3,
367,NMX_ne.wav,,audio/x-wav,audio/NMX_ne.mp3,
368,KCD_krominngknt.wav,,audio/x-wav,audio/KCD_krominngknt.mp3,
369,TAEME_duwim.wav,,audio/x-wav,audio/TAEME_duwim.mp3,
370,ENDE_kəmɽɑ.wav,,audio/x-wav,audio/ENDE_k%C9%99m%C9%BD%C9%91.mp3,
371,NMX_ferghan.wav,,audio/x-wav,audio/NMX_ferghan.mp3,
372,KCD_skow.wav,,audio/x-wav,audio/KCD_skow.mp3,
373,TAEME_duɛɡ.wav,,audio/x-wav,audio/TAEME_du%C9%9B%C9%A1.mp3,
374,ENDE_dompɑk.wav,,audio/x-wav,audio/ENDE_domp%C9%91k.mp3,
375,NMX_ndombanjer.wav,,audio/x-wav,audio/NMX_ndombanjer.mp3,
376,KCD_nmpala.wav,,audio/x-wav,audio/KCD_nmpala.mp3,
377,TAEME_dombɑk.wav,,audio/x-wav,audio/TAEME_domb%C9%91k.mp3,
378,ENDE_kəp.wav,,audio/x-wav,audio/ENDE_k%C9%99p.mp3,
379,NMX_mbwe.wav,,audio/x-wav,audio/NMX_mbwe.mp3,
380,KCD_snto_bl.wav,,audio/x-wav,audio/KCD_snto_bl.mp3,
381,TAEME_kəp1.wav,,audio/x-wav,audio/TAEME_k%C9%99p1.mp3,
382,ENDE_et.wav,,audio/x-wav,audio/ENDE_et.mp3,
383,TAEME_mɑʈ͡ʂɑ1.wav,,audio/x-wav,audio/TAEME_m%C9%91%CA%88%CD%A1%CA%82%C9%911.mp3,
384,TAEME_ɖ͡ʐɑmɪnɑ tope.wav,,audio/x-wav,audio/TAEME_%C9%96%CD%A1%CA%90%C9%91m%C9%AAn%C9%91%20tope.mp3,
385,ENDE_ʈ͡ʂɑŋ kum.wav,,audio/x-wav,audio/ENDE_%CA%88%CD%A1%CA%82%C9%91%C5%8B%20kum.mp3,
386,NMX_ndangwes.wav,,audio/x-wav,audio/NMX_ndangwes.mp3,
387,KCD_plaeku.wav,,audio/x-wav,audio/KCD_plaeku.mp3,
388,TAEME_ʈ͡ʂæŋ kwɪm.wav,,audio/x-wav,audio/TAEME_%CA%88%CD%A1%CA%82%C3%A6%C5%8B%20kw%C9%AAm.mp3,
389,ENDE_zɑn.wav,,audio/x-wav,audio/ENDE_z%C9%91n.mp3,
390,KCD_kranwanto.wav,,audio/x-wav,audio/KCD_kranwanto.mp3,
391,TAEME_ɑzɛn.wav,,audio/x-wav,audio/TAEME_%C9%91z%C9%9Bn.mp3,
392,ENDE_gogo.wav,,audio/x-wav,audio/ENDE_gogo.mp3,
393,NMX_wakayogh.wav,,audio/x-wav,audio/NMX_wakayogh.mp3,
394,TAEME_ɡwəɡ.wav,,audio/x-wav,audio/TAEME_%C9%A1w%C9%99%C9%A1.mp3,
395,ENDE_ɛɹŋɑzməg.wav,,audio/x-wav,audio/ENDE_%C9%9B%C9%B9%C5%8B%C9%91zm%C9%99g.mp3,
396,NMX_mwitartem.wav,,audio/x-wav,audio/NMX_mwitartem.mp3,
397,TAEME_ɛɹɑŋɑzməle.wav,,audio/x-wav,audio/TAEME_%C9%9B%C9%B9%C9%91%C5%8B%C9%91zm%C9%99le.mp3,
398,ENDE_ɛɹŋɑzəɡ.wav,,audio/x-wav,audio/ENDE_%C9%9B%C9%B9%C5%8B%C9%91z%C9%99%C9%A1.mp3,
399,NMX_mwite.wav,,audio/x-wav,audio/NMX_mwite.mp3,
400,TAEME_jɛɹɑŋɑzəɡ.wav,,audio/x-wav,audio/TAEME_j%C9%9B%C9%B9%C9%91%C5%8B%C9%91z%C9%99%C9%A1.mp3,
401,ENDE_ɛɹɑŋ.wav,,audio/x-wav,audio/ENDE_%C9%9B%C9%B9%C9%91%C5%8B.mp3,
402,NMX_tambre.wav,,audio/x-wav,audio/NMX_tambre.mp3,
403,TAEME_jɛɹɑŋ.wav,,audio/x-wav,audio/TAEME_j%C9%9B%C9%B9%C9%91%C5%8B.mp3,
404,ENDE_ɛɹŋɑzəndɑ.wav,,audio/x-wav,audio/ENDE_%C9%9B%C9%B9%C5%8B%C9%91z%C9%99nd%C9%91.mp3,
405,NMX_mwitaref.wav,,audio/x-wav,audio/NMX_mwitaref.mp3,
406,TAEME_ɛɹɑŋɑzməndi.wav,,audio/x-wav,audio/TAEME_%C9%9B%C9%B9%C9%91%C5%8B%C9%91zm%C9%99ndi.mp3,
407,ENDE_gɑzən.wav,,audio/x-wav,audio/ENDE_g%C9%91z%C9%99n.mp3,
408,TAEME_ɑɡəzɛn.wav,,audio/x-wav,audio/TAEME_%C9%91%C9%A1%C9%99z%C9%9Bn.mp3,
409,ENDE_ikop.wav,,audio/x-wav,audio/ENDE_ikop.mp3,
410,NMX_ghekef.wav,,audio/x-wav,audio/NMX_ghekef.mp3,
411,KCD_si.wav,,audio/x-wav,audio/KCD_si.mp3,
412,TAEME_yɨkəp.wav,,audio/x-wav,audio/TAEME_y%C9%A8k%C9%99p.mp3,
413,ENDE_kəɽɑ.wav,,audio/x-wav,audio/ENDE_k%C9%99%C9%BD%C9%91.mp3,
414,NMX_ne.wav,,audio/x-wav,audio/NMX_ne.mp3,
415,KCD_ngkoran.wav,,audio/x-wav,audio/KCD_ngkoran.mp3,
416,TAEME_kəlɑ.wav,,audio/x-wav,audio/TAEME_k%C9%99l%C9%91.mp3,
417,ENDE_səpun.wav,,audio/x-wav,audio/ENDE_s%C9%99pun.mp3,
418,KCD_tawansei.wav,,audio/x-wav,audio/KCD_tawansei.mp3,
419,TAEME_səpəl.wav,,audio/x-wav,audio/TAEME_s%C9%99p%C9%99l.mp3,
420,ENDE_utɑle.wav,,audio/x-wav,audio/ENDE_ut%C9%91le.mp3,
421,NMX_nayu.wav,,audio/x-wav,audio/NMX_nayu.mp3,
422,KCD_kalmaei.wav,,audio/x-wav,audio/KCD_kalmaei.mp3,
423,TAEME_jɛnom.wav,,audio/x-wav,audio/TAEME_j%C9%9Bnom.mp3,
424,ENDE_gi.wav,,audio/x-wav,audio/ENDE_gi.mp3,
425,NMX_yares.wav,,audio/x-wav,audio/NMX_yares.mp3,
426,KCD_kober.wav,,audio/x-wav,audio/KCD_kober.mp3,
427,TAEME_ɡi.wav,,audio/x-wav,audio/TAEME_%C9%A1i.mp3,
428,ENDE_bɑbɑ.wav,,audio/x-wav,audio/ENDE_b%C9%91b%C9%91.mp3,
429,NMX_afe.wav,,audio/x-wav,audio/NMX_afe.mp3,
430,KCD_al.wav,,audio/x-wav,audio/KCD_al.mp3,
431,TAEME_jɑjɑ.wav,,audio/x-wav,audio/TAEME_j%C9%91j%C9%91.mp3,
432,ENDE_lel.wav,,audio/x-wav,audio/ENDE_lel.mp3,
433,NMX_ferfer_em.wav,,audio/x-wav,audio/NMX_ferfer_em.mp3,
434,TAEME_dəməl.wav,,audio/x-wav,audio/TAEME_d%C9%99m%C9%99l.mp3,
435,ENDE_kom.wav,,audio/x-wav,audio/ENDE_kom.mp3,
436,NMX_sif.wav,,audio/x-wav,audio/NMX_sif.mp3,
437,KCD_snto_baeri.wav,,audio/x-wav,audio/KCD_snto_baeri.mp3,
438,KCD_sento_yengka.wav,,audio/x-wav,audio/KCD_sento_yengka.mp3,
439,TAEME_kwɑm1.wav,,audio/x-wav,audio/TAEME_kw%C9%91m1.mp3,
440,ENDE_poɽe.wav,,audio/x-wav,audio/ENDE_po%C9%BDe.mp3,
441,NMX_ararke.wav,,audio/x-wav,audio/NMX_ararke.mp3,
442,KCD_tumetume.wav,,audio/x-wav,audio/KCD_tumetume.mp3,
443,TAEME_pole.wav,,audio/x-wav,audio/TAEME_pole.mp3,
444,NMX_nambiro.wav,,audio/x-wav,audio/NMX_nambiro.mp3,
445,TAEME_ɛ͡oli kəp .wav,,audio/x-wav,audio/TAEME_%C9%9B%CD%A1oli%20k%C9%99p%20.mp3,
446,ENDE_gəɖ͡ʐgəɖ͡ʐ.wav,,audio/x-wav,audio/ENDE_g%C9%99%C9%96%CD%A1%CA%90g%C9%99%C9%96%CD%A1%CA%90.mp3,
447,KCD_krokori.wav,,audio/x-wav,audio/KCD_krokori.mp3,
448,TAEME_ɡəɡəɖ.wav,,audio/x-wav,audio/TAEME_%C9%A1%C9%99%C9%A1%C9%99%C9%96.mp3,
449,ENDE_towɑɽ pipi.wav,,audio/x-wav,audio/ENDE_tow%C9%91%C9%BD%20pipi.mp3,
450,KCD_kakata.wav,,audio/x-wav,audio/KCD_kakata.mp3,
451,TAEME_pipiɑ tɑɹo.wav,,audio/x-wav,audio/TAEME_pipi%C9%91%20t%C9%91%C9%B9o.mp3,
452,ENDE_zəmɑ͡i.wav,,audio/x-wav,audio/ENDE_z%C9%99m%C9%91%CD%A1i.mp3,
453,NMX_wararogh.wav,,audio/x-wav,audio/NMX_wararogh.mp3,
454,TAEME_zəmɑ͡i.wav,,audio/x-wav,audio/TAEME_z%C9%99m%C9%91%CD%A1i.mp3,
455,ENDE_ʈ͡ʂɑŋ ɽɨpɨt.wav,,audio/x-wav,audio/ENDE_%CA%88%CD%A1%CA%82%C9%91%C5%8B%20%C9%BD%C9%A8p%C9%A8t.mp3,
456,NMX_ngange_sot.wav,,audio/x-wav,audio/NMX_ngange_sot.mp3,
457,KCD_titin.wav,,audio/x-wav,audio/KCD_titin.mp3,
458,TAEME_ləpɨt.wav,,audio/x-wav,audio/TAEME_l%C9%99p%C9%A8t.mp3,
459,ENDE_ju.wav,,audio/x-wav,audio/ENDE_ju.mp3,
460,NMX_fes.wav,,audio/x-wav,audio/NMX_fes.mp3,
461,KCD_mens.wav,,audio/x-wav,audio/KCD_mens.mp3,
462,TAEME_ju.wav,,audio/x-wav,audio/TAEME_ju.mp3,
463,ENDE_koɽbɑ.wav,,audio/x-wav,audio/ENDE_ko%C9%BDb%C9%91.mp3,
464,NMX_wagif.wav,,audio/x-wav,audio/NMX_wagif.mp3,
465,KCD_kotip.wav,,audio/x-wav,audio/KCD_kotip.mp3,
466,TAEME_kwəʎbɑ.wav,,audio/x-wav,audio/TAEME_kw%C9%99%CA%8Eb%C9%91.mp3,
467,ENDE_pɑ͡ib.wav,,audio/x-wav,audio/ENDE_p%C9%91%CD%A1ib.mp3,
468,NMX_ambiro_brubru.wav,,audio/x-wav,audio/NMX_ambiro_brubru.mp3,
469,KCD_tampui.wav,,audio/x-wav,audio/KCD_tampui.mp3,
470,TAEME_məndɑ1.wav,,audio/x-wav,audio/TAEME_m%C9%99nd%C9%911.mp3,
471,ENDE_popo.wav,,audio/x-wav,audio/ENDE_popo.mp3,
472,NMX_ndram.wav,,audio/x-wav,audio/NMX_ndram.mp3,
473,KCD_tompa_kuae.wav,,audio/x-wav,audio/KCD_tompa_kuae.mp3,
474,TAEME_mi.wav,,audio/x-wav,audio/TAEME_mi.mp3,
475,NMX_mbwerang.wav,,audio/x-wav,audio/NMX_mbwerang.mp3,
476,KCD_mpltangku.wav,,audio/x-wav,audio/KCD_mpltangku.mp3,
477,TAEME_ɑlko.wav,,audio/x-wav,audio/TAEME_%C9%91lko.mp3,
478,ENDE_pɑpɽəg.wav,,audio/x-wav,audio/ENDE_p%C9%91p%C9%BD%C9%99g.mp3,
479,KCD_taimpawi.wav,,audio/x-wav,audio/KCD_taimpawi.mp3,
480,TAEME_pɑpləɡ.wav,,audio/x-wav,audio/TAEME_p%C9%91pl%C9%99%C9%A1.mp3,
481,ENDE_topoɽ.wav,,audio/x-wav,audio/ENDE_topo%C9%BD.mp3,
482,KCD_toml.wav,,audio/x-wav,audio/KCD_toml.mp3,
483,TAEME_topəl.wav,,audio/x-wav,audio/TAEME_top%C9%99l.mp3,
484,ENDE_wətət.wav,,audio/x-wav,audio/ENDE_w%C9%99t%C9%99t.mp3,
485,NMX_njamke.wav,,audio/x-wav,audio/NMX_njamke.mp3,
486,KCD_nonkgai.wav,,audio/x-wav,audio/KCD_nonkgai.mp3,
487,TAEME_wət.wav,,audio/x-wav,audio/TAEME_w%C9%99t.mp3,
488,ENDE_ʈ͡ʂɨle.wav,,audio/x-wav,audio/ENDE_%CA%88%CD%A1%CA%82%C9%A8le.mp3,
489,NMX_kafkaf.wav,,audio/x-wav,audio/NMX_kafkaf.mp3,
490,KCD_tgu.wav,,audio/x-wav,audio/KCD_tgu.mp3,
491,TAEME_ʈ͡ʂəli.wav,,audio/x-wav,audio/TAEME_%CA%88%CD%A1%CA%82%C9%99li.mp3,
492,ENDE_woɽɑŋ.wav,,audio/x-wav,audio/ENDE_wo%C9%BD%C9%91%C5%8B.mp3,
493,NMX_wenaro.wav,,audio/x-wav,audio/NMX_wenaro.mp3,
494,KCD_kelimu.wav,,audio/x-wav,audio/KCD_kelimu.mp3,
495,TAEME_woləŋ.wav,,audio/x-wav,audio/TAEME_wol%C9%99%C5%8B.mp3,
496,ENDE_po.wav,,audio/x-wav,audio/ENDE_po.mp3,
497,KCD_aeser.wav,,audio/x-wav,audio/KCD_aeser.mp3,
498,TAEME_komlɑbe komlɑbe.wav,,audio/x-wav,audio/TAEME_koml%C9%91be%20koml%C9%91be.mp3,
499,ENDE_nɑg.wav,,audio/x-wav,audio/ENDE_n%C9%91g.mp3,
500,NMX_futar.wav,,audio/x-wav,audio/NMX_futar.mp3,
501,KCD_nmba.wav,,audio/x-wav,audio/KCD_nmba.mp3,
502,TAEME_nɑɡ.wav,,audio/x-wav,audio/TAEME_n%C9%91%C9%A1.mp3,
503,ENDE_poɽgo.wav,,audio/x-wav,audio/ENDE_po%C9%BDgo.mp3,
504,NMX_ndokre.wav,,audio/x-wav,audio/NMX_ndokre.mp3,
505,KCD_ntokre.wav,,audio/x-wav,audio/KCD_ntokre.mp3,
506,TAEME_pələɡo.wav,,audio/x-wav,audio/TAEME_p%C9%99l%C9%99%C9%A1o.mp3,
507,ENDE_kəp.wav,,audio/x-wav,audio/ENDE_k%C9%99p.mp3,
508,NMX_mbwe.wav,,audio/x-wav,audio/NMX_mbwe.mp3,
509,KCD_mpumpu.wav,,audio/x-wav,audio/KCD_mpumpu.mp3,
510,TAEME_kəp.wav,,audio/x-wav,audio/TAEME_k%C9%99p.mp3,
511,ENDE_bodo.wav,,audio/x-wav,audio/ENDE_bodo.mp3,
512,NMX_afoghare.wav,,audio/x-wav,audio/NMX_afoghare.mp3,
513,KCD_toba.wav,,audio/x-wav,audio/KCD_toba.mp3,
514,TAEME_bəd.wav,,audio/x-wav,audio/TAEME_b%C9%99d.mp3,
515,ENDE_kok pɽɑjɑŋ.wav,,audio/x-wav,audio/ENDE_kok%20p%C9%BD%C9%91j%C9%91%C5%8B.mp3,
516,NMX_menyo_gherare.wav,,audio/x-wav,audio/NMX_menyo_gherare.mp3,
517,KCD_mpwale_were.wav,,audio/x-wav,audio/KCD_mpwale_were.mp3,
518,TAEME_kwɑk plɑjɑŋ.wav,,audio/x-wav,audio/TAEME_kw%C9%91k%20pl%C9%91j%C9%91%C5%8B.mp3,
519,ENDE_ʈ͡ʂəŋəm.wav,,audio/x-wav,audio/ENDE_%CA%88%CD%A1%CA%82%C9%99%C5%8B%C9%99m.mp3,
520,NMX_ndau.wav,,audio/x-wav,audio/NMX_ndau.mp3,
521,KCD_brar.wav,,audio/x-wav,audio/KCD_brar.mp3,
522,TAEME_ʈ͡ʂəŋəm.wav,,audio/x-wav,audio/TAEME_%CA%88%CD%A1%CA%82%C9%99%C5%8B%C9%99m.mp3,
523,ENDE_ʈ͡ʂoŋg.wav,,audio/x-wav,audio/ENDE_%CA%88%CD%A1%CA%82o%C5%8Bg.mp3,
524,NMX_ramegh.wav,,audio/x-wav,audio/NMX_ramegh.mp3,
525,KCD_sno.wav,,audio/x-wav,audio/KCD_sno.mp3,
526,TAEME_ɡɑnzəɡ.wav,,audio/x-wav,audio/TAEME_%C9%A1%C9%91nz%C9%99%C9%A1.mp3,
527,ENDE_nɑɽe.wav,,audio/x-wav,audio/ENDE_n%C9%91%C9%BDe.mp3,
528,TAEME_nɑlo.wav,,audio/x-wav,audio/TAEME_n%C9%91lo.mp3,
529,ENDE_mɛɹ.wav,,audio/x-wav,audio/ENDE_m%C9%9B%C9%B9.mp3,
530,NMX_mer.wav,,audio/x-wav,audio/NMX_mer.mp3,
531,KCD_neme_ye.wav,,audio/x-wav,audio/KCD_neme_ye.mp3,
532,TAEME_mɛɹ.wav,,audio/x-wav,audio/TAEME_m%C9%9B%C9%B9.mp3,
533,JEL_ngem_ne.wav,,audio/x-wav,audio/JEL_ngem_ne.mp3,
534,ENDE_towɑɽ.wav,,audio/x-wav,audio/ENDE_tow%C9%91%C9%BD.mp3,
535,NMX_yus.wav,,audio/x-wav,audio/NMX_yus.mp3,
536,KCD_koto.wav,,audio/x-wav,audio/KCD_koto.mp3,
537,TAEME_siɹ.wav,,audio/x-wav,audio/TAEME_si%C9%B9.mp3,
538,ENDE_kukoɽkukoɽ.wav,,audio/x-wav,audio/ENDE_kuko%C9%BDkuko%C9%BD.mp3,
539,NMX_wen_arau_ngarot.wav,,audio/x-wav,audio/NMX_wen_arau_ngarot.mp3,
540,KCD_pr_kæti_boi_wa.wav,,audio/x-wav,audio/KCD_pr_k%C3%A6ti_boi_wa.mp3,
541,TAEME_lu ʈ͡ʂæm kirikiri.wav,,audio/x-wav,audio/TAEME_lu%20%CA%88%CD%A1%CA%82%C3%A6m%20kirikiri.mp3,
542,JEL_yelu.wav,,audio/x-wav,audio/JEL_yelu.mp3,
543,ENDE_dəgədəgəl.wav,,audio/x-wav,audio/ENDE_d%C9%99g%C9%99d%C9%99g%C9%99l.mp3,
544,NMX_ghergher.wav,,audio/x-wav,audio/NMX_ghergher.mp3,
545,KCD_ikae_ngkeingkei.wav,,audio/x-wav,audio/KCD_ikae_ngkeingkei.mp3,
546,TAEME_dəɡəldəɡəl.wav,,audio/x-wav,audio/TAEME_d%C9%99%C9%A1%C9%99ld%C9%99%C9%A1%C9%99l.mp3,
547,ENDE_kom.wav,,audio/x-wav,audio/ENDE_kom.mp3,
548,NMX_sif.wav,,audio/x-wav,audio/NMX_sif.mp3,
549,KCD_kota_mel.wav,,audio/x-wav,audio/KCD_kota_mel.mp3,
550,TAEME_kwɑm.wav,,audio/x-wav,audio/TAEME_kw%C9%91m.mp3,
551,ENDE_ʈ͡ʂɑŋ.wav,,audio/x-wav,audio/ENDE_%CA%88%CD%A1%CA%82%C9%91%C5%8B.mp3,
552,NMX_ngange.wav,,audio/x-wav,audio/NMX_ngange.mp3,
553,KCD_swa.wav,,audio/x-wav,audio/KCD_swa.mp3,
554,TAEME_ʈ͡ʂæŋ1.wav,,audio/x-wav,audio/TAEME_%CA%88%CD%A1%CA%82%C3%A6%C5%8B1.mp3,
555,ENDE_ɹokoɹokoʈ͡ʂ.wav,,audio/x-wav,audio/ENDE_%C9%B9oko%C9%B9oko%CA%88%CD%A1%CA%82.mp3,
556,NMX_taiker.wav,,audio/x-wav,audio/NMX_taiker.mp3,
557,KCD_mparwa.wav,,audio/x-wav,audio/KCD_mparwa.mp3,
558,TAEME_kwədkwəd.wav,,audio/x-wav,audio/TAEME_kw%C9%99dkw%C9%99d.mp3,
559,NMX_arnogh.wav,,audio/x-wav,audio/NMX_arnogh.mp3,
560,KCD_eruoi.wav,,audio/x-wav,audio/KCD_eruoi.mp3,
561,TAEME_dɑɹmɛɲ.wav,,audio/x-wav,audio/TAEME_d%C9%91%C9%B9m%C9%9B%C9%B2.mp3,
562,ENDE_bogo.wav,,audio/x-wav,audio/ENDE_bogo.mp3,
563,NMX_fa.wav,,audio/x-wav,audio/NMX_fa.mp3,
564,NMX_yemo.wav,,audio/x-wav,audio/NMX_yemo.mp3,
565,KCD_pi.wav,,audio/x-wav,audio/KCD_pi.mp3,
566,TAEME_bo.wav,,audio/x-wav,audio/TAEME_bo.mp3,
567,ENDE_bun.wav,,audio/x-wav,audio/ENDE_bun.mp3,
568,NMX_senko.wav,,audio/x-wav,audio/NMX_senko.mp3,
569,KCD_mel.wav,,audio/x-wav,audio/KCD_mel.mp3,
570,TAEME_bɪn.wav,,audio/x-wav,audio/TAEME_b%C9%AAn.mp3,
571,ENDE_dəndəɹ.wav,,audio/x-wav,audio/ENDE_d%C9%99nd%C9%99%C9%B9.mp3,
572,NMX_yaregh.wav,,audio/x-wav,audio/NMX_yaregh.mp3,
573,KCD_sowi.wav,,audio/x-wav,audio/KCD_sowi.mp3,
574,TAEME_dəndəɹ.wav,,audio/x-wav,audio/TAEME_d%C9%99nd%C9%99%C9%B9.mp3,
575,ENDE_tikop.wav,,audio/x-wav,audio/ENDE_tikop.mp3,
576,NMX_tikef.wav,,audio/x-wav,audio/NMX_tikef.mp3,
577,KCD_mpur_bl.wav,,audio/x-wav,audio/KCD_mpur_bl.mp3,
578,TAEME_tikəp.wav,,audio/x-wav,audio/TAEME_tik%C9%99p.mp3,
579,ENDE_buɖ͡ʐog.wav,,audio/x-wav,audio/ENDE_bu%C9%96%CD%A1%CA%90og.mp3,
580,NMX_kerte.wav,,audio/x-wav,audio/NMX_kerte.mp3,
581,KCD_kensir.wav,,audio/x-wav,audio/KCD_kensir.mp3,
582,TAEME_məŋwɑŋ.wav,,audio/x-wav,audio/TAEME_m%C9%99%C5%8Bw%C9%91%C5%8B.mp3,
583,JEL_webe.wav,,audio/x-wav,audio/JEL_webe.mp3,
584,ENDE_gəɲɑn.wav,,audio/x-wav,audio/ENDE_g%C9%99%C9%B2%C9%91n.mp3,
585,NMX_syem.wav,,audio/x-wav,audio/NMX_syem.mp3,
586,KCD_ngkei.wav,,audio/x-wav,audio/KCD_ngkei.mp3,
587,TAEME_ɡeɑn.wav,,audio/x-wav,audio/TAEME_%C9%A1e%C9%91n.mp3,
588,ENDE_tutu.wav,,audio/x-wav,audio/ENDE_tutu.mp3,
589,KCD_turae.wav,,audio/x-wav,audio/KCD_turae.mp3,
590,TAEME_mæʈ.wav,,audio/x-wav,audio/TAEME_m%C3%A6%CA%88.mp3,
591,ENDE_pɑpɑ.wav,,audio/x-wav,audio/ENDE_p%C9%91p%C9%91.mp3,
592,NMX_semegh.wav,,audio/x-wav,audio/NMX_semegh.mp3,
593,KCD_srrso.wav,,audio/x-wav,audio/KCD_srrso.mp3,
594,TAEME_peɑr.wav,,audio/x-wav,audio/TAEME_pe%C9%91r.mp3,
595,ENDE_ʈ͡ʂənʈ͡ʂəm.wav,,audio/x-wav,audio/ENDE_%CA%88%CD%A1%CA%82%C9%99n%CA%88%CD%A1%CA%82%C9%99m.mp3,
596,NMX_wafte.wav,,audio/x-wav,audio/NMX_wafte.mp3,
597,KCD_prae.wav,,audio/x-wav,audio/KCD_prae.mp3,
598,ENDE_mɑ.wav,,audio/x-wav,audio/ENDE_m%C9%91.mp3,
599,NMX_mengo.wav,,audio/x-wav,audio/NMX_mengo.mp3,
600,KCD_mwa.wav,,audio/x-wav,audio/KCD_mwa.mp3,
601,TAEME_mɑ͡i.wav,,audio/x-wav,audio/TAEME_m%C9%91%CD%A1i.mp3,
602,NMX_ndernae.wav,,audio/x-wav,audio/NMX_ndernae.mp3,
603,KCD_mntra.wav,,audio/x-wav,audio/KCD_mntra.mp3,
604,KCD_moro.wav,,audio/x-wav,audio/KCD_moro.mp3,
605,TAEME_jɛnini.wav,,audio/x-wav,audio/TAEME_j%C9%9Bnini.mp3,
606,NMX_njenamb.wav,,audio/x-wav,audio/NMX_njenamb.mp3,
607,KCD_mntaei.wav,,audio/x-wav,audio/KCD_mntaei.mp3,
608,TAEME_ɛ͡oli.wav,,audio/x-wav,audio/TAEME_%C9%9B%CD%A1oli.mp3,
609,ENDE_ɽɑ.wav,,audio/x-wav,audio/ENDE_%C9%BD%C9%91.mp3,
610,NMX_ar.wav,,audio/x-wav,audio/NMX_ar.mp3,
611,KCD_irepe.wav,,audio/x-wav,audio/KCD_irepe.mp3,
612,TAEME_lɑ.wav,,audio/x-wav,audio/TAEME_l%C9%91.mp3,
613,ENDE_wətət ɑn nɑɽɑn.wav,,audio/x-wav,audio/ENDE_w%C9%99t%C9%99t%20%C9%91n%20n%C9%91%C9%BD%C9%91n.mp3,
614,NMX_siogh.wav,,audio/x-wav,audio/NMX_siogh.mp3,
615,KCD_prok.wav,,audio/x-wav,audio/KCD_prok.mp3,
616,TAEME_wɑtɑnɑlɑ.wav,,audio/x-wav,audio/TAEME_w%C9%91t%C9%91n%C9%91l%C9%91.mp3,
617,ENDE_mɑmo͡i.wav,,audio/x-wav,audio/ENDE_m%C9%91mo%CD%A1i.mp3,
618,NMX_ale.wav,,audio/x-wav,audio/NMX_ale.mp3,
619,TAEME_mɑmo͡i.wav,,audio/x-wav,audio/TAEME_m%C9%91mo%CD%A1i.mp3,
620,ENDE_guɽbe.wav,,audio/x-wav,audio/ENDE_gu%C9%BDbe.mp3,
621,NMX_yanjar.wav,,audio/x-wav,audio/NMX_yanjar.mp3,
622,KCD_mper.wav,,audio/x-wav,audio/KCD_mper.mp3,
623,TAEME_ɡuʎbi.wav,,audio/x-wav,audio/TAEME_%C9%A1u%CA%8Ebi.mp3,
624,ENDE_jik mi.wav,,audio/x-wav,audio/ENDE_jik%20mi.mp3,
625,NMX_kenjun.wav,,audio/x-wav,audio/NMX_kenjun.mp3,
626,KCD_wlmaeni.wav,,audio/x-wav,audio/KCD_wlmaeni.mp3,
627,TAEME_ɡəpə me.wav,,audio/x-wav,audio/TAEME_%C9%A1%C9%99p%C9%99%20me.mp3,
628,ENDE_ʈ͡ʂɑʈ͡ʂ.wav,,audio/x-wav,audio/ENDE_%CA%88%CD%A1%CA%82%C9%91%CA%88%CD%A1%CA%82.mp3,
629,NMX_fet.wav,,audio/x-wav,audio/NMX_fet.mp3,
630,KCD_kolmpu.wav,,audio/x-wav,audio/KCD_kolmpu.mp3,
631,TAEME_ʈ͡ʂɑʈ͡ʂ.wav,,audio/x-wav,audio/TAEME_%CA%88%CD%A1%CA%82%C9%91%CA%88%CD%A1%CA%82.mp3,
632,TAEME_dɑɹombe.wav,,audio/x-wav,audio/TAEME_d%C9%91%C9%B9ombe.mp3,
633,ENDE_məse.wav,,audio/x-wav,audio/ENDE_m%C9%99se.mp3,
634,NMX_ro.wav,,audio/x-wav,audio/NMX_ro.mp3,
635,TAEME_mən1.wav,,audio/x-wav,audio/TAEME_m%C9%99n1.mp3,
636,NMX_kelal.wav,,audio/x-wav,audio/NMX_kelal.mp3,
637,KCD_te.wav,,audio/x-wav,audio/KCD_te.mp3,
638,ENDE_gəz.wav,,audio/x-wav,audio/ENDE_g%C9%99z.mp3,
639,NMX_semegh_ker.wav,,audio/x-wav,audio/NMX_semegh_ker.mp3,
640,TAEME_ɡəz.wav,,audio/x-wav,audio/TAEME_%C9%A1%C9%99z.mp3,
641,ENDE_tubu.wav,,audio/x-wav,audio/ENDE_tubu.mp3,
642,NMX_kwerakwer.wav,,audio/x-wav,audio/NMX_kwerakwer.mp3,
643,KCD_sampl.wav,,audio/x-wav,audio/KCD_sampl.mp3,
644,TAEME_tubu.wav,,audio/x-wav,audio/TAEME_tubu.mp3,
645,ENDE_giɹi.wav,,audio/x-wav,audio/ENDE_gi%C9%B9i.mp3,
646,NMX_naife.wav,,audio/x-wav,audio/NMX_naife.mp3,
647,KCD_waklbi.wav,,audio/x-wav,audio/KCD_waklbi.mp3,
648,TAEME_nɑ͡ipɑ.wav,,audio/x-wav,audio/TAEME_n%C9%91%CD%A1ip%C9%91.mp3,
649,ENDE_umɽɑŋ.wav,,audio/x-wav,audio/ENDE_um%C9%BD%C9%91%C5%8B.mp3,
650,KCD_miei.wav,,audio/x-wav,audio/KCD_miei.mp3,
651,TAEME_wumlɑŋ.wav,,audio/x-wav,audio/TAEME_wuml%C9%91%C5%8B.mp3,
652,ENDE_tɑɹme.wav,,audio/x-wav,audio/ENDE_t%C9%91%C9%B9me.mp3,
653,NMX_kwerro.wav,,audio/x-wav,audio/NMX_kwerro.mp3,
654,TAEME_tæɹme.wav,,audio/x-wav,audio/TAEME_t%C3%A6%C9%B9me.mp3,
655,ENDE_kəɽəm.wav,,audio/x-wav,audio/ENDE_k%C9%99%C9%BD%C9%99m.mp3,
656,NMX_sau.wav,,audio/x-wav,audio/NMX_sau.mp3,
657,KCD_puwae.wav,,audio/x-wav,audio/KCD_puwae.mp3,
658,TAEME_kələm.wav,,audio/x-wav,audio/TAEME_k%C9%99l%C9%99m.mp3,
659,ENDE_ɛkɑ.wav,,audio/x-wav,audio/ENDE_%C9%9Bk%C9%91.mp3,
660,NMX_si.wav,,audio/x-wav,audio/NMX_si.mp3,
661,KCD_kiki.wav,,audio/x-wav,audio/KCD_kiki.mp3,
662,TAEME_jɛkɑ.wav,,audio/x-wav,audio/TAEME_j%C9%9Bk%C9%91.mp3,
663,ENDE_toŋo͡i.wav,,audio/x-wav,audio/ENDE_to%C5%8Bo%CD%A1i.mp3,
664,NMX_uregh.wav,,audio/x-wav,audio/NMX_uregh.mp3,
665,KCD_kralmnt.wav,,audio/x-wav,audio/KCD_kralmnt.mp3,
666,TAEME_toŋo͡i.wav,,audio/x-wav,audio/TAEME_to%C5%8Bo%CD%A1i.mp3,
667,ENDE_ʈ͡ʂɑm.wav,,audio/x-wav,audio/ENDE_%CA%88%CD%A1%CA%82%C9%91m.mp3,
668,NMX_arau.wav,,audio/x-wav,audio/NMX_arau.mp3,
669,KCD_yalwan.wav,,audio/x-wav,audio/KCD_yalwan.mp3,
670,KCD_kaeti.wav,,audio/x-wav,audio/KCD_kaeti.mp3,
671,TAEME_ʈ͡ʂæm.wav,,audio/x-wav,audio/TAEME_%CA%88%CD%A1%CA%82%C3%A6m.mp3,
672,ENDE_sɑwe.wav,,audio/x-wav,audio/ENDE_s%C9%91we.mp3,
673,NMX_fatre.wav,,audio/x-wav,audio/NMX_fatre.mp3,
674,KCD_petr.wav,,audio/x-wav,audio/KCD_petr.mp3,
675,TAEME_beɑɹ.wav,,audio/x-wav,audio/TAEME_be%C9%91%C9%B9.mp3,
676,ENDE_ʈ͡ʂɨle.wav,,audio/x-wav,audio/ENDE_%CA%88%CD%A1%CA%82%C9%A8le.mp3,
677,NMX_ghamber.wav,,audio/x-wav,audio/NMX_ghamber.mp3,
678,TAEME_ʈ͡ʂəli1.wav,,audio/x-wav,audio/TAEME_%CA%88%CD%A1%CA%82%C9%99li1.mp3,
679,ENDE_toɹwɑm.wav,,audio/x-wav,audio/ENDE_to%C9%B9w%C9%91m.mp3,
680,TAEME_potɑɡo.wav,,audio/x-wav,audio/TAEME_pot%C9%91%C9%A1o.mp3,
681,ENDE_pwɑpwɑ.wav,,audio/x-wav,audio/ENDE_pw%C9%91pw%C9%91.mp3,
682,NMX_ofe.wav,,audio/x-wav,audio/NMX_ofe.mp3,
683,KCD_kensir_menwa.wav,,audio/x-wav,audio/KCD_kensir_menwa.mp3,
684,TAEME_puipui.wav,,audio/x-wav,audio/TAEME_puipui.mp3,
685,JEL_popuh.wav,,audio/x-wav,audio/JEL_popuh.mp3,
686,ENDE_bod ʈ͡ʂo͡i.wav,,audio/x-wav,audio/ENDE_bod%20%CA%88%CD%A1%CA%82o%CD%A1i.mp3,
687,NMX_mbirmbir.wav,,audio/x-wav,audio/NMX_mbirmbir.mp3,
688,KCD_prngkau.wav,,audio/x-wav,audio/KCD_prngkau.mp3,
689,TAEME_bod ʈ͡ʂo͡i.wav,,audio/x-wav,audio/TAEME_bod%20%CA%88%CD%A1%CA%82o%CD%A1i.mp3,
690,ENDE_jo.wav,,audio/x-wav,audio/ENDE_jo.mp3,
691,NMX_ghenjem.wav,,audio/x-wav,audio/NMX_ghenjem.mp3,
692,KCD_mpur_yoro.wav,,audio/x-wav,audio/KCD_mpur_yoro.mp3,
693,TAEME_ɡwæn.wav,,audio/x-wav,audio/TAEME_%C9%A1w%C3%A6n.mp3,
694,ENDE_oŋgɑɽ.wav,,audio/x-wav,audio/ENDE_o%C5%8Bg%C9%91%C9%BD.mp3,
695,NMX_angar.wav,,audio/x-wav,audio/NMX_angar.mp3,
696,KCD_bngko.wav,,audio/x-wav,audio/KCD_bngko.mp3,
697,TAEME_lɑnɖ͡ʐɑɡ.wav,,audio/x-wav,audio/TAEME_l%C9%91n%C9%96%CD%A1%CA%90%C9%91%C9%A1.mp3,
698,ENDE_pipɽo.wav,,audio/x-wav,audio/ENDE_pip%C9%BDo.mp3,
699,NMX_njene-njene.wav,,audio/x-wav,audio/NMX_njene-njene.mp3,
700,KCD_tepaen.wav,,audio/x-wav,audio/KCD_tepaen.mp3,
701,TAEME_piplu.wav,,audio/x-wav,audio/TAEME_piplu.mp3,
702,ENDE_pɑʈ͡ʂ.wav,,audio/x-wav,audio/ENDE_p%C9%91%CA%88%CD%A1%CA%82.mp3,
703,NMX_wen_tenj.wav,,audio/x-wav,audio/NMX_wen_tenj.mp3,
704,TAEME_lu pæʈ͡ʂ.wav,,audio/x-wav,audio/TAEME_lu%20p%C3%A6%CA%88%CD%A1%CA%82.mp3,
705,ENDE_tupi.wav,,audio/x-wav,audio/ENDE_tupi.mp3,
706,NMX_tombe.wav,,audio/x-wav,audio/NMX_tombe.mp3,
707,KCD_ntentwae.wav,,audio/x-wav,audio/KCD_ntentwae.mp3,
708,TAEME_tope.wav,,audio/x-wav,audio/TAEME_tope.mp3,
709,JEL_tipuk.wav,,audio/x-wav,audio/JEL_tipuk.mp3,
710,ENDE_kəbɑn.wav,,audio/x-wav,audio/ENDE_k%C9%99b%C9%91n.mp3,
711,NMX_yam.wav,,audio/x-wav,audio/NMX_yam.mp3,
712,KCD_naempin.wav,,audio/x-wav,audio/KCD_naempin.mp3,
713,TAEME_məndɑ.wav,,audio/x-wav,audio/TAEME_m%C9%99nd%C9%91.mp3,
714,ENDE_ŋɑsŋɛs.wav,,audio/x-wav,audio/ENDE_%C5%8B%C9%91s%C5%8B%C9%9Bs.mp3,
715,NMX_ramegh.wav,,audio/x-wav,audio/NMX_ramegh.mp3,
716,TAEME_nɑŋɛs.wav,,audio/x-wav,audio/TAEME_n%C9%91%C5%8B%C9%9Bs.mp3,
717,ENDE_ɽɑ.wav,,audio/x-wav,audio/ENDE_%C9%BD%C9%91.mp3,
718,NMX_ar.wav,,audio/x-wav,audio/NMX_ar.mp3,
719,KCD_yere.wav,,audio/x-wav,audio/KCD_yere.mp3,
720,TAEME_lɑ2.wav,,audio/x-wav,audio/TAEME_l%C9%912.mp3,
721,ENDE_ɽɑmdɑ.wav,,audio/x-wav,audio/ENDE_%C9%BD%C9%91md%C9%91.mp3,
722,NMX_ar_taiker.wav,,audio/x-wav,audio/NMX_ar_taiker.mp3,
723,TAEME_lɑ məɡ.wav,,audio/x-wav,audio/TAEME_l%C9%91%20m%C9%99%C9%A1.mp3,
724,ENDE_juwog.wav,,audio/x-wav,audio/ENDE_juwog.mp3,
725,NMX_tarfar.wav,,audio/x-wav,audio/NMX_tarfar.mp3,
726,KCD_tumpo.wav,,audio/x-wav,audio/KCD_tumpo.mp3,
727,TAEME_kæmibi.wav,,audio/x-wav,audio/TAEME_k%C3%A6mibi.mp3,
728,ENDE_miɖ͡ʐ.wav,,audio/x-wav,audio/ENDE_mi%C9%96%CD%A1%CA%90.mp3,
729,NMX_fenjen.wav,,audio/x-wav,audio/NMX_fenjen.mp3,
730,KCD_yons.wav,,audio/x-wav,audio/KCD_yons.mp3,
731,TAEME_miɖ.wav,,audio/x-wav,audio/TAEME_mi%C9%96.mp3,
732,ENDE_kok.wav,,audio/x-wav,audio/ENDE_kok.mp3,
733,NMX_gherare.wav,,audio/x-wav,audio/NMX_gherare.mp3,
734,KCD_mpwale.wav,,audio/x-wav,audio/KCD_mpwale.mp3,
735,TAEME_kwɑk.wav,,audio/x-wav,audio/TAEME_kw%C9%91k.mp3,
736,NMX_akw.wav,,audio/x-wav,audio/NMX_akw.mp3,
737,KCD_yekinm.wav,,audio/x-wav,audio/KCD_yekinm.mp3,
738,TAEME_æɡ.wav,,audio/x-wav,audio/TAEME_%C3%A6%C9%A1.mp3,
739,ENDE_bənz.wav,,audio/x-wav,audio/ENDE_b%C9%99nz.mp3,
740,NMX_ngwainy.wav,,audio/x-wav,audio/NMX_ngwainy.mp3,
741,KCD_ba.wav,,audio/x-wav,audio/KCD_ba.mp3,
742,TAEME_jəŋən.wav,,audio/x-wav,audio/TAEME_j%C9%99%C5%8B%C9%99n.mp3,
743,ENDE_jɑ͡i.wav,,audio/x-wav,audio/ENDE_j%C9%91%CD%A1i.mp3,
744,NMX_ame.wav,,audio/x-wav,audio/NMX_ame.mp3,
745,KCD_omel.wav,,audio/x-wav,audio/KCD_omel.mp3,
746,TAEME_nænæ.wav,,audio/x-wav,audio/TAEME_n%C3%A6n%C3%A6.mp3,
747,ENDE_tutu.wav,,audio/x-wav,audio/ENDE_tutu.mp3,
748,NMX_yabun_ororo.wav,,audio/x-wav,audio/NMX_yabun_ororo.mp3,
749,KCD_turae.wav,,audio/x-wav,audio/KCD_turae.mp3,
750,TAEME_mæʈ͡ʂ dərəɡu.wav,,audio/x-wav,audio/TAEME_m%C3%A6%CA%88%CD%A1%CA%82%20d%C9%99r%C9%99%C9%A1u.mp3,
751,ENDE_bod.wav,,audio/x-wav,audio/ENDE_bod.mp3,
752,NMX_sen_fene.wav,,audio/x-wav,audio/NMX_sen_fene.mp3,
753,KCD_trmpo.wav,,audio/x-wav,audio/KCD_trmpo.mp3,
754,TAEME_bod.wav,,audio/x-wav,audio/TAEME_bod.mp3,
755,ENDE_ine kəɽɑ.wav,,audio/x-wav,audio/ENDE_ine%20k%C9%99%C9%BD%C9%91.mp3,
756,TAEME_eni kəle.wav,,audio/x-wav,audio/TAEME_eni%20k%C9%99le.mp3,
757,ENDE_bin.wav,,audio/x-wav,audio/ENDE_bin.mp3,
758,NMX_yetkwen.wav,,audio/x-wav,audio/NMX_yetkwen.mp3,
759,KCD_yu.wav,,audio/x-wav,audio/KCD_yu.mp3,
760,TAEME_bɛn.wav,,audio/x-wav,audio/TAEME_b%C9%9Bn.mp3,
761,NMX_tagase.wav,,audio/x-wav,audio/NMX_tagase.mp3,
762,KCD_naeima.wav,,audio/x-wav,audio/KCD_naeima.mp3,
763,TAEME_bɛnɑŋ.wav,,audio/x-wav,audio/TAEME_b%C9%9Bn%C9%91%C5%8B.mp3,
764,ENDE_kote.wav,,audio/x-wav,audio/ENDE_kote.mp3,
765,NMX_kofe.wav,,audio/x-wav,audio/NMX_kofe.mp3,
766,KCD_topku.wav,,audio/x-wav,audio/KCD_topku.mp3,
767,TAEME_kwɑte.wav,,audio/x-wav,audio/TAEME_kw%C9%91te.mp3,
768,ENDE_wənkəm.wav,,audio/x-wav,audio/ENDE_w%C9%99nk%C9%99m.mp3,
769,NMX_nembut.wav,,audio/x-wav,audio/NMX_nembut.mp3,
770,KCD_taempr.wav,,audio/x-wav,audio/KCD_taempr.mp3,
771,TAEME_kəmbæ.wav,,audio/x-wav,audio/TAEME_k%C9%99mb%C3%A6.mp3,
772,ENDE_dowɑ͡i.wav,,audio/x-wav,audio/ENDE_dow%C9%91%CD%A1i.mp3,
773,NMX_kaka.wav,,audio/x-wav,audio/NMX_kaka.mp3,
774,KCD_intro.wav,,audio/x-wav,audio/KCD_intro.mp3,
775,TAEME_dowɑ͡i.wav,,audio/x-wav,audio/TAEME_dow%C9%91%CD%A1i.mp3,
776,ENDE_kote.wav,,audio/x-wav,audio/ENDE_kote.mp3,
777,KCD_mr.wav,,audio/x-wav,audio/KCD_mr.mp3,
778,TAEME_kwɑte1.wav,,audio/x-wav,audio/TAEME_kw%C9%91te1.mp3,
779,ENDE_guɽ ɲəŋ.wav,,audio/x-wav,audio/ENDE_gu%C9%BD%20%C9%B2%C9%99%C5%8B.mp3,
780,KCD_ker.wav,,audio/x-wav,audio/KCD_ker.mp3,
781,TAEME_ɡwɛl ɲəŋ.wav,,audio/x-wav,audio/TAEME_%C9%A1w%C9%9Bl%20%C9%B2%C9%99%C5%8B.mp3,
782,ENDE_sisoɹ.wav,,audio/x-wav,audio/ENDE_siso%C9%B9.mp3,
783,NMX_toter.wav,,audio/x-wav,audio/NMX_toter.mp3,
784,KCD_tempa.wav,,audio/x-wav,audio/KCD_tempa.mp3,
785,TAEME_sisɪri.wav,,audio/x-wav,audio/TAEME_sis%C9%AAri.mp3,
786,ENDE_kok kuɖ͡ʐəɽ.wav,,audio/x-wav,audio/ENDE_kok%20ku%C9%96%CD%A1%CA%90%C9%99%C9%BD.mp3,
787,NMX_toter_gherare.wav,,audio/x-wav,audio/NMX_toter_gherare.mp3,
788,KCD_bti.wav,,audio/x-wav,audio/KCD_bti.mp3,
789,TAEME_kwɑk kwɪɖ͡ʐɪl.wav,,audio/x-wav,audio/TAEME_kw%C9%91k%20kw%C9%AA%C9%96%CD%A1%CA%90%C9%AAl.mp3,
790,ENDE_iɖ͡ʐob.wav,,audio/x-wav,audio/ENDE_i%C9%96%CD%A1%CA%90ob.mp3,
791,NMX_sembar.wav,,audio/x-wav,audio/NMX_sembar.mp3,
792,KCD_mi.wav,,audio/x-wav,audio/KCD_mi.mp3,
793,TAEME_kwɪt.wav,,audio/x-wav,audio/TAEME_kw%C9%AAt.mp3,
794,ENDE_nɑ͡in.wav,,audio/x-wav,audio/ENDE_n%C9%91%CD%A1in.mp3,
795,TAEME_ŋæm1.wav,,audio/x-wav,audio/TAEME_%C5%8B%C3%A6m1.mp3,
796,ENDE_ɖ͡ʐone.wav,,audio/x-wav,audio/ENDE_%C9%96%CD%A1%CA%90one.mp3,
797,NMX_yau.wav,,audio/x-wav,audio/NMX_yau.mp3,
798,KCD_yow.wav,,audio/x-wav,audio/KCD_yow.mp3,
799,TAEME_jɑo.wav,,audio/x-wav,audio/TAEME_j%C9%91o.mp3,
800,ENDE_məɽiŋ.wav,,audio/x-wav,audio/ENDE_m%C9%99%C9%BDi%C5%8B.mp3,
801,NMX_min.wav,,audio/x-wav,audio/NMX_min.mp3,
802,KCD_smpo.wav,,audio/x-wav,audio/KCD_smpo.mp3,
803,TAEME_wɪɖ.wav,,audio/x-wav,audio/TAEME_w%C9%AA%C9%96.mp3,
804,ENDE_ɖ͡ʐone.wav,,audio/x-wav,audio/ENDE_%C9%96%CD%A1%CA%90one.mp3,
805,NMX_yau.wav,,audio/x-wav,audio/NMX_yau.mp3,
806,KCD_yow.wav,,audio/x-wav,audio/KCD_yow.mp3,
807,TAEME_jɑo1.wav,,audio/x-wav,audio/TAEME_j%C9%91o1.mp3,
808,KCD_kure.wav,,audio/x-wav,audio/KCD_kure.mp3,
809,ENDE_gudne.wav,,audio/x-wav,audio/ENDE_gudne.mp3,
810,NMX_tandawar.wav,,audio/x-wav,audio/NMX_tandawar.mp3,
811,KCD_mpana.wav,,audio/x-wav,audio/KCD_mpana.mp3,
812,TAEME_ɡwɪdɪni.wav,,audio/x-wav,audio/TAEME_%C9%A1w%C9%AAd%C9%AAni.mp3,
813,ENDE_ɡwɛɡ kuɖ͡ʐəɽ.wav,,audio/x-wav,audio/ENDE_%C9%A1w%C9%9B%C9%A1%20ku%C9%96%CD%A1%CA%90%C9%99%C9%BD.mp3,
814,NMX_ndauker.wav,,audio/x-wav,audio/NMX_ndauker.mp3,
815,KCD_maerbr.wav,,audio/x-wav,audio/KCD_maerbr.mp3,
816,TAEME_jɛɹɛʈ͡ʂ.wav,,audio/x-wav,audio/TAEME_j%C9%9B%C9%B9%C9%9B%CA%88%CD%A1%CA%82.mp3,
817,ENDE_ʈ͡ʂoɳdɑ͡i.wav,,audio/x-wav,audio/ENDE_%CA%88%CD%A1%CA%82o%C9%B3d%C9%91%CD%A1i.mp3,
818,NMX_ambiro.wav,,audio/x-wav,audio/NMX_ambiro.mp3,
819,KCD_naempr.wav,,audio/x-wav,audio/KCD_naempr.mp3,
820,TAEME_zindɑbe.wav,,audio/x-wav,audio/TAEME_zind%C9%91be.mp3,
821,ENDE_wideɹe.wav,,audio/x-wav,audio/ENDE_wide%C9%B9e.mp3,
822,NMX_bare.wav,,audio/x-wav,audio/NMX_bare.mp3,
823,KCD_kpiwe.wav,,audio/x-wav,audio/KCD_kpiwe.mp3,
824,TAEME_widiɹi.wav,,audio/x-wav,audio/TAEME_widi%C9%B9i.mp3,
825,ENDE_tətəp.wav,,audio/x-wav,audio/ENDE_t%C9%99t%C9%99p.mp3,
826,NMX_tekrat.wav,,audio/x-wav,audio/NMX_tekrat.mp3,
827,KCD_nti.wav,,audio/x-wav,audio/KCD_nti.mp3,
828,TAEME_tətəp.wav,,audio/x-wav,audio/TAEME_t%C9%99t%C9%99p.mp3,
829,ENDE_kəg.wav,,audio/x-wav,audio/ENDE_k%C9%99g.mp3,
830,KCD_mpwa.wav,,audio/x-wav,audio/KCD_mpwa.mp3,
831,TAEME_kəɡ.wav,,audio/x-wav,audio/TAEME_k%C9%99%C9%A1.mp3,
832,ENDE_nəŋgɑ.wav,,audio/x-wav,audio/ENDE_n%C9%99%C5%8Bg%C9%91.mp3,
833,TAEME_nəŋɡɑ kəp.wav,,audio/x-wav,audio/TAEME_n%C9%99%C5%8B%C9%A1%C9%91%20k%C9%99p.mp3,
834,ENDE_gɽɑɽ.wav,,audio/x-wav,audio/ENDE_g%C9%BD%C9%91%C9%BD.mp3,
835,KCD_mar.wav,,audio/x-wav,audio/KCD_mar.mp3,
836,KCD_bos.wav,,audio/x-wav,audio/KCD_bos.mp3,
837,TAEME_ɡəlɑl.wav,,audio/x-wav,audio/TAEME_%C9%A1%C9%99l%C9%91l.mp3,
838,ENDE_bəɹke.wav,,audio/x-wav,audio/ENDE_b%C9%99%C9%B9ke.mp3,
839,NMX_krare.wav,,audio/x-wav,audio/NMX_krare.mp3,
840,KCD_kaepe.wav,,audio/x-wav,audio/KCD_kaepe.mp3,
841,TAEME_bərke.wav,,audio/x-wav,audio/TAEME_b%C9%99rke.mp3,
842,ENDE_ibimɑ.wav,,audio/x-wav,audio/ENDE_ibim%C9%91.mp3,
843,NMX_end.wav,,audio/x-wav,audio/NMX_end.mp3,
844,KCD_mei.wav,,audio/x-wav,audio/KCD_mei.mp3,
845,TAEME_bətemɑ͡i.wav,,audio/x-wav,audio/TAEME_b%C9%99tem%C9%91%CD%A1i.mp3,
846,ENDE_ibimɑ.wav,,audio/x-wav,audio/ENDE_ibim%C9%91.mp3,
847,NMX_end.wav,,audio/x-wav,audio/NMX_end.mp3,
848,KCD_mei.wav,,audio/x-wav,audio/KCD_mei.mp3,
849,TAEME_bətemɑ͡i1.wav,,audio/x-wav,audio/TAEME_b%C9%99tem%C9%91%CD%A1i1.mp3,
850,ENDE_wɑ.wav,,audio/x-wav,audio/ENDE_w%C9%91.mp3,
851,NMX_kembet.wav,,audio/x-wav,audio/NMX_kembet.mp3,
852,TAEME_we.wav,,audio/x-wav,audio/TAEME_we.mp3,
853,ENDE_ɽɑ.wav,,audio/x-wav,audio/ENDE_%C9%BD%C9%91.mp3,
854,NMX_ar.wav,,audio/x-wav,audio/NMX_ar.mp3,
855,KCD_irepe.wav,,audio/x-wav,audio/KCD_irepe.mp3,
856,TAEME_lɑ1.wav,,audio/x-wav,audio/TAEME_l%C9%911.mp3,
857,ENDE_sɨmɛɽ.wav,,audio/x-wav,audio/ENDE_s%C9%A8m%C9%9B%C9%BD.mp3,
858,NMX_kimb.wav,,audio/x-wav,audio/NMX_kimb.mp3,
859,KCD_kwr.wav,,audio/x-wav,audio/KCD_kwr.mp3,
860,TAEME_səmiʎ.wav,,audio/x-wav,audio/TAEME_s%C9%99mi%CA%8E.mp3,
861,ENDE_ibɛɲɨn.wav,,audio/x-wav,audio/ENDE_ib%C9%9B%C9%B2%C9%A8n.mp3,
862,NMX_yegh.wav,,audio/x-wav,audio/NMX_yegh.mp3,
863,KCD_srwnt.wav,,audio/x-wav,audio/KCD_srwnt.mp3,
864,TAEME_jəbib.wav,,audio/x-wav,audio/TAEME_j%C9%99bib.mp3,
865,ENDE_juwog.wav,,audio/x-wav,audio/ENDE_juwog.mp3,
866,NMX_tarfar.wav,,audio/x-wav,audio/NMX_tarfar.mp3,
867,TAEME_kæmibi məɡ.wav,,audio/x-wav,audio/TAEME_k%C3%A6mibi%20m%C9%99%C9%A1.mp3,
868,ENDE_ɲoŋko͡i.wav,,audio/x-wav,audio/ENDE_%C9%B2o%C5%8Bko%CD%A1i.mp3,
869,NMX_limanegh.wav,,audio/x-wav,audio/NMX_limanegh.mp3,
870,TAEME_nɑɲəko͡i.wav,,audio/x-wav,audio/TAEME_n%C9%91%C9%B2%C9%99ko%CD%A1i.mp3,
871,ENDE_wɑnseg.wav,,audio/x-wav,audio/ENDE_w%C9%91nseg.mp3,
872,NMX_fayogh.wav,,audio/x-wav,audio/NMX_fayogh.mp3,
873,TAEME_ɑsɛɡ.wav,,audio/x-wav,audio/TAEME_%C9%91s%C9%9B%C9%A1.mp3,
874,ENDE_wɑnseg.wav,,audio/x-wav,audio/ENDE_w%C9%91nseg.mp3,
875,NMX_walinjogh.wav,,audio/x-wav,audio/NMX_walinjogh.mp3,
876,TAEME_ɑsɛɡ1.wav,,audio/x-wav,audio/TAEME_%C9%91s%C9%9B%C9%A11.mp3,
877,ENDE_wɑdəɹ guɽem.wav,,audio/x-wav,audio/ENDE_w%C9%91d%C9%99%C9%B9%20gu%C9%BDem.mp3,
878,KCD_mpitaekin.wav,,audio/x-wav,audio/KCD_mpitaekin.mp3,
879,TAEME_pækle.wav,,audio/x-wav,audio/TAEME_p%C3%A6kle.mp3,
880,ENDE_məŋɑl.wav,,audio/x-wav,audio/ENDE_m%C9%99%C5%8B%C9%91l.mp3,
881,NMX_wekeye.wav,,audio/x-wav,audio/NMX_wekeye.mp3,
882,KCD_koklnm.wav,,audio/x-wav,audio/KCD_koklnm.mp3,
883,TAEME_məŋɑməŋɑl.wav,,audio/x-wav,audio/TAEME_m%C9%99%C5%8B%C9%91m%C9%99%C5%8B%C9%91l.mp3,
884,ENDE_jogoɽ.wav,,audio/x-wav,audio/ENDE_jogo%C9%BD.mp3,
885,NMX_nu.wav,,audio/x-wav,audio/NMX_nu.mp3,
886,KCD_yuar.wav,,audio/x-wav,audio/KCD_yuar.mp3,
887,TAEME_joɡəʎ.wav,,audio/x-wav,audio/TAEME_jo%C9%A1%C9%99%CA%8E.mp3,
888,ENDE_mɑmɑm.wav,,audio/x-wav,audio/ENDE_m%C9%91m%C9%91m.mp3,
889,NMX_ferkat.wav,,audio/x-wav,audio/NMX_ferkat.mp3,
890,KCD_mpelwa.wav,,audio/x-wav,audio/KCD_mpelwa.mp3,
891,TAEME_mæmæŋ.wav,,audio/x-wav,audio/TAEME_m%C3%A6m%C3%A6%C5%8B.mp3,
892,JEL_ato.wav,,audio/x-wav,audio/JEL_ato.mp3,
893,ENDE_ankom bəɽkəp.wav,,audio/x-wav,audio/ENDE_ankom%20b%C9%99%C9%BDk%C9%99p.mp3,
894,KCD_bopan.wav,,audio/x-wav,audio/KCD_bopan.mp3,
895,TAEME_ankom bəlkəp.wav,,audio/x-wav,audio/TAEME_ankom%20b%C9%99lk%C9%99p.mp3,
896,ENDE_ʈ͡ʂəʈ͡sle.wav,,audio/x-wav,audio/ENDE_%CA%88%CD%A1%CA%82%C9%99%CA%88%CD%A1sle.mp3,
897,ENDE_ʈ͡ʂəʈ͡ʂ.wav,,audio/x-wav,audio/ENDE_%CA%88%CD%A1%CA%82%C9%99%CA%88%CD%A1%CA%82.mp3,
898,NMX_fete.wav,,audio/x-wav,audio/NMX_fete.mp3,
899,NMX_tamben.wav,,audio/x-wav,audio/NMX_tamben.mp3,
900,KCD_akai_mento.wav,,audio/x-wav,audio/KCD_akai_mento.mp3,
901,KCD_soi.wav,,audio/x-wav,audio/KCD_soi.mp3,
902,TAEME_məɡ.wav,,audio/x-wav,audio/TAEME_m%C9%99%C9%A1.mp3,
903,TAEME_ʈ͡ʂəʈ͡ʂli1.wav,,audio/x-wav,audio/TAEME_%CA%88%CD%A1%CA%82%C9%99%CA%88%CD%A1%CA%82li1.mp3,
904,ENDE_wo.wav,,audio/x-wav,audio/ENDE_wo.mp3,
905,NMX_wau.wav,,audio/x-wav,audio/NMX_wau.mp3,
906,TAEME_wɑu.wav,,audio/x-wav,audio/TAEME_w%C9%91u.mp3,
907,ENDE_wɑɽe.wav,,audio/x-wav,audio/ENDE_w%C9%91%C9%BDe.mp3,
908,NMX_wanje.wav,,audio/x-wav,audio/NMX_wanje.mp3,
909,KCD_liko.wav,,audio/x-wav,audio/KCD_liko.mp3,
910,TAEME_æle.wav,,audio/x-wav,audio/TAEME_%C3%A6le.mp3,
911,ENDE_ɲoŋo.wav,,audio/x-wav,audio/ENDE_%C9%B2o%C5%8Bo.mp3,
912,NMX_end.wav,,audio/x-wav,audio/NMX_end.mp3,
913,KCD_mei.wav,,audio/x-wav,audio/KCD_mei.mp3,
914,TAEME_ɲoŋo.wav,,audio/x-wav,audio/TAEME_%C9%B2o%C5%8Bo.mp3,
915,NMX_seremb.wav,,audio/x-wav,audio/NMX_seremb.mp3,
916,KCD_ntennten.wav,,audio/x-wav,audio/KCD_ntennten.mp3,
917,TAEME_wolənɖ͡ʐ.wav,,audio/x-wav,audio/TAEME_wol%C9%99n%C9%96%CD%A1%CA%90.mp3,
918,ENDE_mɑmɽɑ.wav,,audio/x-wav,audio/ENDE_m%C9%91m%C9%BD%C9%91.mp3,
919,NMX_angegh.wav,,audio/x-wav,audio/NMX_angegh.mp3,
920,KCD_pari.wav,,audio/x-wav,audio/KCD_pari.mp3,
921,TAEME_kɑb.wav,,audio/x-wav,audio/TAEME_k%C9%91b.mp3,
922,ENDE_zozo.wav,,audio/x-wav,audio/ENDE_zozo.mp3,
923,NMX_kerkef.wav,,audio/x-wav,audio/NMX_kerkef.mp3,
924,TAEME_bæbeŋ.wav,,audio/x-wav,audio/TAEME_b%C3%A6be%C5%8B.mp3,
925,ENDE_ɲəmɑ͡iɲəmɑ͡i.wav,,audio/x-wav,audio/ENDE_%C9%B2%C9%99m%C9%91%CD%A1i%C9%B2%C9%99m%C9%91%CD%A1i.mp3,
926,KCD_koklmpu.wav,,audio/x-wav,audio/KCD_koklmpu.mp3,
927,TAEME_ɲəmɑ͡iɲəmɑ͡i.wav,,audio/x-wav,audio/TAEME_%C9%B2%C9%99m%C9%91%CD%A1i%C9%B2%C9%99m%C9%91%CD%A1i.mp3,
928,JEL_belu-belu.wav,,audio/x-wav,audio/JEL_belu-belu.mp3,
929,ENDE_dindu.wav,,audio/x-wav,audio/ENDE_dindu.mp3,
930,TAEME_dindu.wav,,audio/x-wav,audio/TAEME_dindu.mp3,
931,ENDE_sɑnɑ.wav,,audio/x-wav,audio/ENDE_s%C9%91n%C9%91.mp3,
932,NMX_mbi.wav,,audio/x-wav,audio/NMX_mbi.mp3,
933,KCD_krkr.wav,,audio/x-wav,audio/KCD_krkr.mp3,
934,TAEME_jɪmi pəʈ͡ʂ.wav,,audio/x-wav,audio/TAEME_j%C9%AAmi%20p%C9%99%CA%88%CD%A1%CA%82.mp3,
935,ENDE_ɑboɹ.wav,,audio/x-wav,audio/ENDE_%C9%91bo%C9%B9.mp3,
936,NMX_ngifran.wav,,audio/x-wav,audio/NMX_ngifran.mp3,
937,KCD_kongkod.wav,,audio/x-wav,audio/KCD_kongkod.mp3,
938,TAEME_pæʈ͡ʂkəp.wav,,audio/x-wav,audio/TAEME_p%C3%A6%CA%88%CD%A1%CA%82k%C9%99p.mp3,
939,ENDE_sɑnɑ ɽo.wav,,audio/x-wav,audio/ENDE_s%C9%91n%C9%91%20%C9%BDo.mp3,
940,NMX_mbi.wav,,audio/x-wav,audio/NMX_mbi.mp3,
941,TAEME_jɪmi pəʈ͡ʂ1.wav,,audio/x-wav,audio/TAEME_j%C9%AAmi%20p%C9%99%CA%88%CD%A1%CA%821.mp3,
942,ENDE_pɑg.wav,,audio/x-wav,audio/ENDE_p%C9%91g.mp3,
943,NMX_sol.wav,,audio/x-wav,audio/NMX_sol.mp3,
944,KCD_wola_atka.wav,,audio/x-wav,audio/KCD_wola_atka.mp3,
945,TAEME_pæɡ.wav,,audio/x-wav,audio/TAEME_p%C3%A6%C9%A1.mp3,
946,ENDE_miɹi.wav,,audio/x-wav,audio/ENDE_mi%C9%B9i.mp3,
947,NMX_miri.wav,,audio/x-wav,audio/NMX_miri.mp3,
948,KCD_pwt.wav,,audio/x-wav,audio/KCD_pwt.mp3,
949,TAEME_miɹi.wav,,audio/x-wav,audio/TAEME_mi%C9%B9i.mp3,
950,ENDE_ɑwi.wav,,audio/x-wav,audio/ENDE_%C9%91wi.mp3,
951,NMX_fan.wav,,audio/x-wav,audio/NMX_fan.mp3,
952,KCD_kaerkaer.wav,,audio/x-wav,audio/KCD_kaerkaer.mp3,
953,TAEME_ɑwɑ͡i.wav,,audio/x-wav,audio/TAEME_%C9%91w%C9%91%CD%A1i.mp3,
954,ENDE_pɑɲpɛɲ.wav,,audio/x-wav,audio/ENDE_p%C9%91%C9%B2p%C9%9B%C9%B2.mp3,
955,NMX_mendegh.wav,,audio/x-wav,audio/NMX_mendegh.mp3,
956,TAEME_pɑɲpɛɲ.wav,,audio/x-wav,audio/TAEME_p%C9%91%C9%B2p%C9%9B%C9%B2.mp3,
957,ENDE_bɛm.wav,,audio/x-wav,audio/ENDE_b%C9%9Bm.mp3,
958,NMX_arakaf.wav,,audio/x-wav,audio/NMX_arakaf.mp3,
959,KCD_wola.wav,,audio/x-wav,audio/KCD_wola.mp3,
960,TAEME_bem.wav,,audio/x-wav,audio/TAEME_bem.mp3,
961,ENDE_ikop.wav,,audio/x-wav,audio/ENDE_ikop.mp3,
962,NMX_winjogh.wav,,audio/x-wav,audio/NMX_winjogh.mp3,
963,TAEME_jəkɨpæ.wav,,audio/x-wav,audio/TAEME_j%C9%99k%C9%A8p%C3%A6.mp3,
964,ENDE_kuʈ͡ʂ.wav,,audio/x-wav,audio/ENDE_ku%CA%88%CD%A1%CA%82.mp3,
965,NMX_mbwe.wav,,audio/x-wav,audio/NMX_mbwe.mp3,
966,KCD_bl.wav,,audio/x-wav,audio/KCD_bl.mp3,
967,KCD_koklmpu.wav,,audio/x-wav,audio/KCD_koklmpu.mp3,
968,TAEME_kwɪʈ͡ʂ1.wav,,audio/x-wav,audio/TAEME_kw%C9%AA%CA%88%CD%A1%CA%821.mp3,
969,ENDE_jɑgjeg.wav,,audio/x-wav,audio/ENDE_j%C9%91gjeg.mp3,
970,NMX_eregh.wav,,audio/x-wav,audio/NMX_eregh.mp3,
971,TAEME_jæɡnin.wav,,audio/x-wav,audio/TAEME_j%C3%A6%C9%A1nin.mp3,
972,ENDE_sɛbɛn.wav,,audio/x-wav,audio/ENDE_s%C9%9Bb%C9%9Bn.mp3,
973,TAEME_ʈ͡ʂæŋ kwɪm1.wav,,audio/x-wav,audio/TAEME_%CA%88%CD%A1%CA%82%C3%A6%C5%8B%20kw%C9%AAm1.mp3,
974,ENDE_gəbɑ.wav,,audio/x-wav,audio/ENDE_g%C9%99b%C9%91.mp3,
975,NMX_mbanmban.wav,,audio/x-wav,audio/NMX_mbanmban.mp3,
976,KCD_waenwaene.wav,,audio/x-wav,audio/KCD_waenwaene.mp3,
977,TAEME_zɑ͡i.wav,,audio/x-wav,audio/TAEME_z%C9%91%CD%A1i.mp3,
978,ENDE_bogo.wav,,audio/x-wav,audio/ENDE_bogo.mp3,
979,NMX_fa.wav,,audio/x-wav,audio/NMX_fa.mp3,
980,NMX_yemo.wav,,audio/x-wav,audio/NMX_yemo.mp3,
981,KCD_pi.wav,,audio/x-wav,audio/KCD_pi.mp3,
982,TAEME_bo1.wav,,audio/x-wav,audio/TAEME_bo1.mp3,
983,ENDE_zuwo͡i.wav,,audio/x-wav,audio/ENDE_zuwo%CD%A1i.mp3,
984,NMX_namegh.wav,,audio/x-wav,audio/NMX_namegh.mp3,
985,TAEME_mək.wav,,audio/x-wav,audio/TAEME_m%C9%99k.mp3,
986,ENDE_tubu.wav,,audio/x-wav,audio/ENDE_tubu.mp3,
987,NMX_ndembndemb.wav,,audio/x-wav,audio/NMX_ndembndemb.mp3,
988,KCD_ptku.wav,,audio/x-wav,audio/KCD_ptku.mp3,
989,TAEME_tɪbətɪbu.wav,,audio/x-wav,audio/TAEME_t%C9%AAb%C9%99t%C9%AAbu.mp3,
990,JEL_temak.wav,,audio/x-wav,audio/JEL_temak.mp3,
991,ENDE_mɑʈ͡ʂɑ.wav,,audio/x-wav,audio/ENDE_m%C9%91%CA%88%CD%A1%CA%82%C9%91.mp3,
992,NMX_fader.wav,,audio/x-wav,audio/NMX_fader.mp3,
993,KCD_smelku.wav,,audio/x-wav,audio/KCD_smelku.mp3,
994,TAEME_mɑʈ͡ʂɑ.wav,,audio/x-wav,audio/TAEME_m%C9%91%CA%88%CD%A1%CA%82%C9%91.mp3,
995,NMX_ane.wav,,audio/x-wav,audio/NMX_ane.mp3,
996,TAEME_dɑdɑ.wav,,audio/x-wav,audio/TAEME_d%C9%91d%C9%91.mp3,
997,ENDE_məɲɑn.wav,,audio/x-wav,audio/ENDE_m%C9%99%C9%B2%C9%91n.mp3,
998,NMX_nengen.wav,,audio/x-wav,audio/NMX_nengen.mp3,
999,TAEME_məɲɑn.wav,,audio/x-wav,audio/TAEME_m%C9%99%C9%B2%C9%91n.mp3,
1000,NMX_ghaker.wav,,audio/x-wav,audio/NMX_ghaker.mp3,
1001,NMX_meres.wav,,audio/x-wav,audio/NMX_meres.mp3,
1002,NMX_ghaker.wav,,audio/x-wav,audio/NMX_ghaker.mp3,
1003,NMX_meres.wav,,audio/x-wav,audio/NMX_meres.mp3,
1004,ENDE_itɹel.wav,,audio/x-wav,audio/ENDE_it%C9%B9el.mp3,
1005,NMX_enjne.wav,,audio/x-wav,audio/NMX_enjne.mp3,
1006,KCD_bmaei.wav,,audio/x-wav,audio/KCD_bmaei.mp3,
1007,TAEME_ʈ͡ʂəlkɑn.wav,,audio/x-wav,audio/TAEME_%CA%88%CD%A1%CA%82%C9%99lk%C9%91n.mp3,
1008,ENDE_ɽɨtɨt.wav,,audio/x-wav,audio/ENDE_%C9%BD%C9%A8t%C9%A8t.mp3,
1009,TAEME_bəɖ͡ʐɑɡo.wav,,audio/x-wav,audio/TAEME_b%C9%99%C9%96%CD%A1%CA%90%C9%91%C9%A1o.mp3,
1010,ENDE_mən.wav,,audio/x-wav,audio/ENDE_m%C9%99n.mp3,
1011,NMX_meres.wav,,audio/x-wav,audio/NMX_meres.mp3,
1012,TAEME_mən.wav,,audio/x-wav,audio/TAEME_m%C9%99n.mp3,
1013,ENDE_dəmɛn.wav,,audio/x-wav,audio/ENDE_d%C9%99m%C9%9Bn.mp3,
1014,NMX_amnjogh.wav,,audio/x-wav,audio/NMX_amnjogh.mp3,
1015,KCD_knce.wav,,audio/x-wav,audio/KCD_knce.mp3,
1016,TAEME_ɑdəmɛn.wav,,audio/x-wav,audio/TAEME_%C9%91d%C9%99m%C9%9Bn.mp3,
1017,ENDE_siks.wav,,audio/x-wav,audio/ENDE_siks.mp3,
1018,KCD_trowo.wav,,audio/x-wav,audio/KCD_trowo.mp3,
1019,TAEME_kɑpən.wav,,audio/x-wav,audio/TAEME_k%C9%91p%C9%99n.mp3,
1020,ENDE_ʈ͡ʂo͡i.wav,,audio/x-wav,audio/ENDE_%CA%88%CD%A1%CA%82o%CD%A1i.mp3,
1021,NMX_ngar.wav,,audio/x-wav,audio/NMX_ngar.mp3,
1022,KCD_kaeikaei.wav,,audio/x-wav,audio/KCD_kaeikaei.mp3,
1023,TAEME_ʈ͡ʂo͡i.wav,,audio/x-wav,audio/TAEME_%CA%88%CD%A1%CA%82o%CD%A1i.mp3,
1024,ENDE_ɖ͡ʐɑpɑɽ.wav,,audio/x-wav,audio/ENDE_%C9%96%CD%A1%CA%90%C9%91p%C9%91%C9%BD.mp3,
1025,NMX_njafar.wav,,audio/x-wav,audio/NMX_njafar.mp3,
1026,KCD_mewang.wav,,audio/x-wav,audio/KCD_mewang.mp3,
1027,TAEME_ɖ͡ʐɑpɑl.wav,,audio/x-wav,audio/TAEME_%C9%96%CD%A1%CA%90%C9%91p%C9%91l.mp3,
1028,ENDE_wotɑɹ.wav,,audio/x-wav,audio/ENDE_wot%C9%91%C9%B9.mp3,
1029,NMX_kemegh.wav,,audio/x-wav,audio/NMX_kemegh.mp3,
1030,TAEME_wətɑɹo.wav,,audio/x-wav,audio/TAEME_w%C9%99t%C9%91%C9%B9o.mp3,
1031,ENDE_kəlsəɹe.wav,,audio/x-wav,audio/ENDE_k%C9%99ls%C9%99%C9%B9e.mp3,
1032,NMX_nembrar.wav,,audio/x-wav,audio/NMX_nembrar.mp3,
1033,KCD_wtkl.wav,,audio/x-wav,audio/KCD_wtkl.mp3,
1034,TAEME_kədəməɡ.wav,,audio/x-wav,audio/TAEME_k%C9%99d%C9%99m%C9%99%C9%A1.mp3,
1035,JEL_wetek.wav,,audio/x-wav,audio/JEL_wetek.mp3,
1036,ENDE_moɽe.wav,,audio/x-wav,audio/ENDE_mo%C9%BDe.mp3,
1037,NMX_omangegh.wav,,audio/x-wav,audio/NMX_omangegh.mp3,
1038,KCD_somrei.wav,,audio/x-wav,audio/KCD_somrei.mp3,
1039,TAEME_təɡəd.wav,,audio/x-wav,audio/TAEME_t%C9%99%C9%A1%C9%99d.mp3,
1040,ENDE_ikɹo.wav,,audio/x-wav,audio/ENDE_ik%C9%B9o.mp3,
1041,NMX_kwam.wav,,audio/x-wav,audio/NMX_kwam.mp3,
1042,KCD_sun.wav,,audio/x-wav,audio/KCD_sun.mp3,
1043,TAEME_jɨkum.wav,,audio/x-wav,audio/TAEME_j%C9%A8kum.mp3,
1044,ENDE_guɽem.wav,,audio/x-wav,audio/ENDE_gu%C9%BDem.mp3,
1045,NMX_kamban.wav,,audio/x-wav,audio/NMX_kamban.mp3,
1046,KCD_baempr.wav,,audio/x-wav,audio/KCD_baempr.mp3,
1047,TAEME_dibən.wav,,audio/x-wav,audio/TAEME_dib%C9%99n.mp3,
1048,ENDE_məɽiŋ piɑ.wav,,audio/x-wav,audio/ENDE_m%C9%99%C9%BDi%C5%8B%20pi%C9%91.mp3,
1049,NMX_sim.wav,,audio/x-wav,audio/NMX_sim.mp3,
1050,KCD_smaengkl.wav,,audio/x-wav,audio/KCD_smaengkl.mp3,
1051,TAEME_motər.wav,,audio/x-wav,audio/TAEME_mot%C9%99r.mp3,
1052,ENDE_wute.wav,,audio/x-wav,audio/ENDE_wute.mp3,
1053,NMX_fenend.wav,,audio/x-wav,audio/NMX_fenend.mp3,
1054,KCD_nti.wav,,audio/x-wav,audio/KCD_nti.mp3,
1055,TAEME_wɪti.wav,,audio/x-wav,audio/TAEME_w%C9%AAti.mp3,
1056,ENDE_ɛkɑ.wav,,audio/x-wav,audio/ENDE_%C9%9Bk%C9%91.mp3,
1057,NMX_waitogh.wav,,audio/x-wav,audio/NMX_waitogh.mp3,
1058,TAEME_jɛkɑɡo.wav,,audio/x-wav,audio/TAEME_j%C9%9Bk%C9%91%C9%A1o.mp3,
1059,ENDE_toboɽ.wav,,audio/x-wav,audio/ENDE_tobo%C9%BD.mp3,
1060,NMX_tumang.wav,,audio/x-wav,audio/NMX_tumang.mp3,
1061,KCD_songkal.wav,,audio/x-wav,audio/KCD_songkal.mp3,
1062,TAEME_təbol.wav,,audio/x-wav,audio/TAEME_t%C9%99bol.mp3,
1063,ENDE_bəɽəmɑ.wav,,audio/x-wav,audio/ENDE_b%C9%99%C9%BD%C9%99m%C9%91.mp3,
1064,NMX_mberem.wav,,audio/x-wav,audio/NMX_mberem.mp3,
1065,KCD_inso.wav,,audio/x-wav,audio/KCD_inso.mp3,
1066,TAEME_kək.wav,,audio/x-wav,audio/TAEME_k%C9%99k.mp3,
1067,ENDE_ŋəɽɑbən.wav,,audio/x-wav,audio/ENDE_%C5%8B%C9%99%C9%BD%C9%91b%C9%99n.mp3,
1068,TAEME_ɡæbɛn.wav,,audio/x-wav,audio/TAEME_%C9%A1%C3%A6b%C9%9Bn.mp3,
1069,ENDE_piɹo.wav,,audio/x-wav,audio/ENDE_pi%C9%B9o.mp3,
1070,NMX_kend.wav,,audio/x-wav,audio/NMX_kend.mp3,
1071,KCD_nto.wav,,audio/x-wav,audio/KCD_nto.mp3,
1072,TAEME_piru.wav,,audio/x-wav,audio/TAEME_piru.mp3,
1073,ENDE_ʈ͡ʂəgəl kəp.wav,,audio/x-wav,audio/ENDE_%CA%88%CD%A1%CA%82%C9%99g%C9%99l%20k%C9%99p.mp3,
1074,NMX_wim.wav,,audio/x-wav,audio/NMX_wim.mp3,
1075,KCD_mlae.wav,,audio/x-wav,audio/KCD_mlae.mp3,
1076,TAEME_ʈ͡ʂəɡəl kəp.wav,,audio/x-wav,audio/TAEME_%CA%88%CD%A1%CA%82%C9%99%C9%A1%C9%99l%20k%C9%99p.mp3,
1077,ENDE_ɽəʈ͡ʂɑg.wav,,audio/x-wav,audio/ENDE_%C9%BD%C9%99%CA%88%CD%A1%CA%82%C9%91g.mp3,
1078,KCD_kromtiu.wav,,audio/x-wav,audio/KCD_kromtiu.mp3,
1079,TAEME_ləʈ͡ʂɑɡo.wav,,audio/x-wav,audio/TAEME_l%C9%99%CA%88%CD%A1%CA%82%C9%91%C9%A1o.mp3,
1080,ENDE_ʈ͡ʂəʈ͡ʂle.wav,,audio/x-wav,audio/ENDE_%CA%88%CD%A1%CA%82%C9%99%CA%88%CD%A1%CA%82le.mp3,
1081,NMX_mbarkand.wav,,audio/x-wav,audio/NMX_mbarkand.mp3,
1082,KCD_ntentwae.wav,,audio/x-wav,audio/KCD_ntentwae.mp3,
1083,TAEME_ʈ͡ʂəʈ͡ʂli.wav,,audio/x-wav,audio/TAEME_%CA%88%CD%A1%CA%82%C9%99%CA%88%CD%A1%CA%82li.mp3,
1084,JEL_mekel.wav,,audio/x-wav,audio/JEL_mekel.mp3,
1085,ENDE_kɑb.wav,,audio/x-wav,audio/ENDE_k%C9%91b.mp3,
1086,NMX_angegh.wav,,audio/x-wav,audio/NMX_angegh.mp3,
1087,KCD_praepr.wav,,audio/x-wav,audio/KCD_praepr.mp3,
1088,TAEME_kɑb.wav,,audio/x-wav,audio/TAEME_k%C9%91b.mp3,
1089,ENDE_tubu.wav,,audio/x-wav,audio/ENDE_tubu.mp3,
1090,NMX_tefen.wav,,audio/x-wav,audio/NMX_tefen.mp3,
1091,TAEME_lu tubu.wav,,audio/x-wav,audio/TAEME_lu%20tubu.mp3,
1092,ENDE_mikmik.wav,,audio/x-wav,audio/ENDE_mikmik.mp3,
1093,NMX_fenmanegh.wav,,audio/x-wav,audio/NMX_fenmanegh.mp3,
1094,TAEME_mimik.wav,,audio/x-wav,audio/TAEME_mimik.mp3,
1095,ENDE_jəbəd.wav,,audio/x-wav,audio/ENDE_j%C9%99b%C9%99d.mp3,
1096,NMX_efogh.wav,,audio/x-wav,audio/NMX_efogh.mp3,
1097,KCD_kongko_bl.wav,,audio/x-wav,audio/KCD_kongko_bl.mp3,
1098,TAEME_jəbəd.wav,,audio/x-wav,audio/TAEME_j%C9%99b%C9%99d.mp3,
1099,ENDE_tɑwɑ.wav,,audio/x-wav,audio/ENDE_t%C9%91w%C9%91.mp3,
1100,NMX_sau.wav,,audio/x-wav,audio/NMX_sau.mp3,
1101,KCD_traetrae.wav,,audio/x-wav,audio/KCD_traetrae.mp3,
1102,TAEME_tɑwɑ.wav,,audio/x-wav,audio/TAEME_t%C9%91w%C9%91.mp3,
1103,ENDE_memɹɑm.wav,,audio/x-wav,audio/ENDE_mem%C9%B9%C9%91m.mp3,
1104,NMX_melmel.wav,,audio/x-wav,audio/NMX_melmel.mp3,
1105,KCD_msko.wav,,audio/x-wav,audio/KCD_msko.mp3,
1106,TAEME_ʈ͡ʂəʈ͡ʂəm.wav,,audio/x-wav,audio/TAEME_%CA%88%CD%A1%CA%82%C9%99%CA%88%CD%A1%CA%82%C9%99m.mp3,
1107,ENDE_memɹɑm.wav,,audio/x-wav,audio/ENDE_mem%C9%B9%C9%91m.mp3,
1108,NMX_yend_melmel_wem.wav,,audio/x-wav,audio/NMX_yend_melmel_wem.mp3,
1109,KCD_msko.wav,,audio/x-wav,audio/KCD_msko.mp3,
1110,TAEME_ʈ͡ʂəʈ͡ʂəm1.wav,,audio/x-wav,audio/TAEME_%CA%88%CD%A1%CA%82%C9%99%CA%88%CD%A1%CA%82%C9%99m1.mp3,
1111,ENDE_moko.wav,,audio/x-wav,audio/ENDE_moko.mp3,
1112,NMX_mende.wav,,audio/x-wav,audio/NMX_mende.mp3,
1113,KCD_me.wav,,audio/x-wav,audio/KCD_me.mp3,
1114,TAEME_mokwɑŋ.wav,,audio/x-wav,audio/TAEME_mokw%C9%91%C5%8B.mp3,
1115,ENDE_nɑi.wav,,audio/x-wav,audio/ENDE_n%C9%91i.mp3,
1116,NMX_sukaki.wav,,audio/x-wav,audio/NMX_sukaki.mp3,
1117,KCD_wobayur.wav,,audio/x-wav,audio/KCD_wobayur.mp3,
1118,TAEME_nɑi.wav,,audio/x-wav,audio/TAEME_n%C9%91i.mp3,
1119,ENDE_gɽɑŋɽɑ.wav,,audio/x-wav,audio/ENDE_g%C9%BD%C9%91%C5%8B%C9%BD%C9%91.mp3,
1120,TAEME_ɡlɑŋɡlɑ.wav,,audio/x-wav,audio/TAEME_%C9%A1l%C9%91%C5%8B%C9%A1l%C9%91.mp3,
1121,ENDE_səɹɑ.wav,,audio/x-wav,audio/ENDE_s%C9%99%C9%B9%C9%91.mp3,
1122,NMX_ker.wav,,audio/x-wav,audio/NMX_ker.mp3,
1123,KCD_peku.wav,,audio/x-wav,audio/KCD_peku.mp3,
1124,TAEME_sərɛ.wav,,audio/x-wav,audio/TAEME_s%C9%99r%C9%9B.mp3,
1125,ENDE_woɲ.wav,,audio/x-wav,audio/ENDE_wo%C9%B2.mp3,
1126,NMX_resagh.wav,,audio/x-wav,audio/NMX_resagh.mp3,
1127,KCD_sne.wav,,audio/x-wav,audio/KCD_sne.mp3,
1128,TAEME_mɛmɛɲ.wav,,audio/x-wav,audio/TAEME_m%C9%9Bm%C9%9B%C9%B2.mp3,
1129,ENDE_ɛkɑ.wav,,audio/x-wav,audio/ENDE_%C9%9Bk%C9%91.mp3,
1130,NMX_orayegh.wav,,audio/x-wav,audio/NMX_orayegh.mp3,
1131,KCD_omptunangki.wav,,audio/x-wav,audio/KCD_omptunangki.mp3,
1132,KCD_ompoiri.wav,,audio/x-wav,audio/KCD_ompoiri.mp3,
1133,TAEME_jɛkɑ.wav,,audio/x-wav,audio/TAEME_j%C9%9Bk%C9%91.mp3,
1134,ENDE_bie.wav,,audio/x-wav,audio/ENDE_bie.mp3,
1135,NMX_tetkef.wav,,audio/x-wav,audio/NMX_tetkef.mp3,
1136,TAEME_bi.wav,,audio/x-wav,audio/TAEME_bi.mp3,
1137,ENDE_bie ʈ͡ʂɑm .wav,,audio/x-wav,audio/ENDE_bie%20%CA%88%CD%A1%CA%82%C9%91m%20.mp3,
1138,NMX_tetkaf_arau.wav,,audio/x-wav,audio/NMX_tetkaf_arau.mp3,
1139,TAEME_bi ʈ͡ʂæm.wav,,audio/x-wav,audio/TAEME_bi%20%CA%88%CD%A1%CA%82%C3%A6m.mp3,
1140,ENDE_tɛn.wav,,audio/x-wav,audio/ENDE_t%C9%9Bn.mp3,
1141,TAEME_ɖ͡ʐəl.wav,,audio/x-wav,audio/TAEME_%C9%96%CD%A1%CA%90%C9%99l.mp3,
1142,ENDE_eso.wav,,audio/x-wav,audio/ENDE_eso.mp3,
1143,TAEME_eso.wav,,audio/x-wav,audio/TAEME_eso.mp3,
1144,ENDE_dibɑ.wav,,audio/x-wav,audio/ENDE_dib%C9%91.mp3,
1145,NMX_yene.wav,,audio/x-wav,audio/NMX_yene.mp3,
1146,KCD_pi.wav,,audio/x-wav,audio/KCD_pi.mp3,
1147,TAEME_dɨbɛn.wav,,audio/x-wav,audio/TAEME_d%C9%A8b%C9%9Bn.mp3,
1148,NMX_kete.wav,,audio/x-wav,audio/NMX_kete.mp3,
1149,KCD_poi.wav,,audio/x-wav,audio/KCD_poi.mp3,
1150,KCD_mponi.wav,,audio/x-wav,audio/KCD_mponi.mp3,
1151,TAEME_dɑn.wav,,audio/x-wav,audio/TAEME_d%C9%91n.mp3,
1152,ENDE_ubi.wav,,audio/x-wav,audio/ENDE_ubi.mp3,
1153,NMX_fa.wav,,audio/x-wav,audio/NMX_fa.mp3,
1154,NMX_yemofem.wav,,audio/x-wav,audio/NMX_yemofem.mp3,
1155,KCD_pi.wav,,audio/x-wav,audio/KCD_pi.mp3,
1156,TAEME_wɪbi.wav,,audio/x-wav,audio/TAEME_w%C9%AAbi.mp3,
1157,ENDE_ubi ɑde.wav,,audio/x-wav,audio/ENDE_ubi%20%C9%91de.mp3,
1158,NMX_fa.wav,,audio/x-wav,audio/NMX_fa.mp3,
1159,NMX_yemofem.wav,,audio/x-wav,audio/NMX_yemofem.mp3,
1160,KCD_pi.wav,,audio/x-wav,audio/KCD_pi.mp3,
1161,TAEME_bo ɑde.wav,,audio/x-wav,audio/TAEME_bo%20%C9%91de.mp3,
1162,ENDE_puke.wav,,audio/x-wav,audio/ENDE_puke.mp3,
1163,NMX_senjte.wav,,audio/x-wav,audio/NMX_senjte.mp3,
1164,KCD_ketru.wav,,audio/x-wav,audio/KCD_ketru.mp3,
1165,TAEME_puki.wav,,audio/x-wav,audio/TAEME_puki.mp3,
1166,JEL_balo.wav,,audio/x-wav,audio/JEL_balo.mp3,
1167,ENDE_bəɽ.wav,,audio/x-wav,audio/ENDE_b%C9%99%C9%BD.mp3,
1168,NMX_buraber.wav,,audio/x-wav,audio/NMX_buraber.mp3,
1169,KCD_tgu.wav,,audio/x-wav,audio/KCD_tgu.mp3,
1170,TAEME_bɪl.wav,,audio/x-wav,audio/TAEME_b%C9%AAl.mp3,
1171,ENDE_petɑpetɑ.wav,,audio/x-wav,audio/ENDE_pet%C9%91pet%C9%91.mp3,
1172,NMX_weraurat.wav,,audio/x-wav,audio/NMX_weraurat.mp3,
1173,TAEME_petɑpete.wav,,audio/x-wav,audio/TAEME_pet%C9%91pete.mp3,
1174,JEL_wlilo.wav,,audio/x-wav,audio/JEL_wlilo.mp3,
1175,ENDE_dəbe.wav,,audio/x-wav,audio/ENDE_d%C9%99be.mp3,
1176,NMX_yene.wav,,audio/x-wav,audio/NMX_yene.mp3,
1177,KCD_ngki.wav,,audio/x-wav,audio/KCD_ngki.mp3,
1178,TAEME_ɡeɑn1.wav,,audio/x-wav,audio/TAEME_%C9%A1e%C9%91n1.mp3,
1179,ENDE_boŋo.wav,,audio/x-wav,audio/ENDE_bo%C5%8Bo.mp3,
1180,NMX_fem.wav,,audio/x-wav,audio/NMX_fem.mp3,
1181,NMX_femo.wav,,audio/x-wav,audio/NMX_femo.mp3,
1182,KCD_mpu.wav,,audio/x-wav,audio/KCD_mpu.mp3,
1183,TAEME_bæ.wav,,audio/x-wav,audio/TAEME_b%C3%A6.mp3,
1184,ENDE_kumuɖ͡ʐəgɑ.wav,,audio/x-wav,audio/ENDE_kumu%C9%96%CD%A1%CA%90%C9%99g%C9%91.mp3,
1185,NMX_nambio.wav,,audio/x-wav,audio/NMX_nambio.mp3,
1186,KCD_yuow.wav,,audio/x-wav,audio/KCD_yuow.mp3,
1187,TAEME_komlɛzin.wav,,audio/x-wav,audio/TAEME_koml%C9%9Bzin.mp3,
1188,ENDE_ɛkɑmɑtəɹ.wav,,audio/x-wav,audio/ENDE_%C9%9Bk%C9%91m%C9%91t%C9%99%C9%B9.mp3,
1189,NMX_boke.wav,,audio/x-wav,audio/NMX_boke.mp3,
1190,KCD_pokro.wav,,audio/x-wav,audio/KCD_pokro.mp3,
1191,TAEME_jɪnkəm.wav,,audio/x-wav,audio/TAEME_j%C9%AAnk%C9%99m.mp3,
1192,ENDE_səpun.wav,,audio/x-wav,audio/ENDE_s%C9%99pun.mp3,
1193,NMX_wigh.wav,,audio/x-wav,audio/NMX_wigh.mp3,
1194,TAEME_səpəl1.wav,,audio/x-wav,audio/TAEME_s%C9%99p%C9%99l1.mp3,
1195,ENDE_məɽɑməɽɑ.wav,,audio/x-wav,audio/ENDE_m%C9%99%C9%BD%C9%91m%C9%99%C9%BD%C9%91.mp3,
1196,NMX_wumbegh.wav,,audio/x-wav,audio/NMX_wumbegh.mp3,
1197,TAEME_məlɑmməlɑ.wav,,audio/x-wav,audio/TAEME_m%C9%99l%C9%91mm%C9%99l%C9%91.mp3,
1198,NMX_mbile.wav,,audio/x-wav,audio/NMX_mbile.mp3,
1199,KCD_wtkl_mpaeswm.wav,,audio/x-wav,audio/KCD_wtkl_mpaeswm.mp3,
1200,ENDE_kənɑzbɑg.wav,,audio/x-wav,audio/ENDE_k%C9%99n%C9%91zb%C9%91g.mp3,
1201,NMX_kaye.wav,,audio/x-wav,audio/NMX_kaye.mp3,
1202,KCD_yeki.wav,,audio/x-wav,audio/KCD_yeki.mp3,
1203,TAEME_æɡme.wav,,audio/x-wav,audio/TAEME_%C3%A6%C9%A1me.mp3,
1204,ENDE_dəgmɑɹ.wav,,audio/x-wav,audio/ENDE_d%C9%99gm%C9%91%C9%B9.mp3,
1205,NMX_kanke.wav,,audio/x-wav,audio/NMX_kanke.mp3,
1206,KCD_yimn.wav,,audio/x-wav,audio/KCD_yimn.mp3,
1207,TAEME_dəŋmɛr.wav,,audio/x-wav,audio/TAEME_d%C9%99%C5%8Bm%C9%9Br.mp3,
1208,ENDE_ŋo͡i.wav,,audio/x-wav,audio/ENDE_%C5%8Bo%CD%A1i.mp3,
1209,NMX_sen.wav,,audio/x-wav,audio/NMX_sen.mp3,
1210,KCD_tr.wav,,audio/x-wav,audio/KCD_tr.mp3,
1211,TAEME_lɪŋ.wav,,audio/x-wav,audio/TAEME_l%C9%AA%C5%8B.mp3,
1212,ENDE_ɽo.wav,,audio/x-wav,audio/ENDE_%C9%BDo.mp3,
1213,NMX_wen.wav,,audio/x-wav,audio/NMX_wen.mp3,
1214,KCD_pr.wav,,audio/x-wav,audio/KCD_pr.mp3,
1215,TAEME_lu.wav,,audio/x-wav,audio/TAEME_lu.mp3,
1216,ENDE_twɛlb.wav,,audio/x-wav,audio/ENDE_tw%C9%9Blb.mp3,
1217,TAEME_komlɑbe puʈ͡ʂ.wav,,audio/x-wav,audio/TAEME_koml%C9%91be%20pu%CA%88%CD%A1%CA%82.mp3,
1218,ENDE_komɽɑ.wav,,audio/x-wav,audio/ENDE_kom%C9%BD%C9%91.mp3,
1219,NMX_sembio.wav,,audio/x-wav,audio/NMX_sembio.mp3,
1220,KCD_yempoka.wav,,audio/x-wav,audio/KCD_yempoka.mp3,
1221,TAEME_komlɑ.wav,,audio/x-wav,audio/TAEME_koml%C9%91.mp3,
1222,ENDE_kobeɑm.wav,,audio/x-wav,audio/ENDE_kobe%C9%91m.mp3,
1223,TAEME_kobeɑm.wav,,audio/x-wav,audio/TAEME_kobe%C9%91m.mp3,
1224,ENDE_suwe.wav,,audio/x-wav,audio/ENDE_suwe.mp3,
1225,KCD_yirkae.wav,,audio/x-wav,audio/KCD_yirkae.mp3,
1226,TAEME_si.wav,,audio/x-wav,audio/TAEME_si.mp3,
1227,ENDE_jowɑ.wav,,audio/x-wav,audio/ENDE_jow%C9%91.mp3,
1228,TAEME_yowɑ.wav,,audio/x-wav,audio/TAEME_yow%C9%91.mp3,
1229,ENDE_mɑdumɑ.wav,,audio/x-wav,audio/ENDE_m%C9%91dum%C9%91.mp3,
1230,NMX_mengotu.wav,,audio/x-wav,audio/NMX_mengotu.mp3,
1231,KCD_potar.wav,,audio/x-wav,audio/KCD_potar.mp3,
1232,TAEME_medumɑ͡i.wav,,audio/x-wav,audio/TAEME_medum%C9%91%CD%A1i.mp3,
1233,ENDE_məɲ.wav,,audio/x-wav,audio/ENDE_m%C9%99%C9%B2.mp3,
1234,NMX_mend.wav,,audio/x-wav,audio/NMX_mend.mp3,
1235,KCD_umpe.wav,,audio/x-wav,audio/KCD_umpe.mp3,
1236,TAEME_məɲ.wav,,audio/x-wav,audio/TAEME_m%C9%99%C9%B2.mp3,
1237,ENDE_ibi.wav,,audio/x-wav,audio/ENDE_ibi.mp3,
1238,TAEME_bəte.wav,,audio/x-wav,audio/TAEME_b%C9%99te.mp3,
1239,ENDE_kubuɽ.wav,,audio/x-wav,audio/ENDE_kubu%C9%BD.mp3,
1240,NMX_kwerfar.wav,,audio/x-wav,audio/NMX_kwerfar.mp3,
1241,TAEME_kubəl.wav,,audio/x-wav,audio/TAEME_kub%C9%99l.mp3,
1242,ENDE_ʈ͡ʂɑɽ.wav,,audio/x-wav,audio/ENDE_%CA%88%CD%A1%CA%82%C9%91%C9%BD.mp3,
1243,NMX_werar.wav,,audio/x-wav,audio/NMX_werar.mp3,
1244,KCD_mo.wav,,audio/x-wav,audio/KCD_mo.mp3,
1245,TAEME_ʈ͡ʂæl.wav,,audio/x-wav,audio/TAEME_%CA%88%CD%A1%CA%82%C3%A6l.mp3,
1246,ENDE_tɑtu.wav,,audio/x-wav,audio/ENDE_t%C9%91tu.mp3,
1247,KCD_slibngknt.wav,,audio/x-wav,audio/KCD_slibngknt.mp3,
1248,TAEME_tɛtu1.wav,,audio/x-wav,audio/TAEME_t%C9%9Btu1.mp3,
1249,ENDE_ine.wav,,audio/x-wav,audio/ENDE_ine.mp3,
1250,NMX_nu.wav,,audio/x-wav,audio/NMX_nu.mp3,
1251,KCD_atka.wav,,audio/x-wav,audio/KCD_atka.mp3,
1252,TAEME_eni.wav,,audio/x-wav,audio/TAEME_eni.mp3,
1253,ENDE_ŋəmi.wav,,audio/x-wav,audio/ENDE_%C5%8B%C9%99mi.mp3,
1254,NMX_yend.wav,,audio/x-wav,audio/NMX_yend.mp3,
1255,NMX_yendfem.wav,,audio/x-wav,audio/NMX_yendfem.mp3,
1256,KCD_ni.wav,,audio/x-wav,audio/KCD_ni.mp3,
1257,TAEME_jɪbi.wav,,audio/x-wav,audio/TAEME_j%C9%AAbi.mp3,
1258,ENDE_ŋəmi ɑde.wav,,audio/x-wav,audio/ENDE_%C5%8B%C9%99mi%20%C9%91de.mp3,
1259,NMX_yend.wav,,audio/x-wav,audio/NMX_yend.mp3,
1260,NMX_yendfem.wav,,audio/x-wav,audio/NMX_yendfem.mp3,
1261,KCD_ni.wav,,audio/x-wav,audio/KCD_ni.mp3,
1262,TAEME_ŋemi ɑde.wav,,audio/x-wav,audio/TAEME_%C5%8Bemi%20%C9%91de.mp3,
1263,ENDE_kəpət.wav,,audio/x-wav,audio/ENDE_k%C9%99p%C9%99t.mp3,
1264,NMX_fuslet.wav,,audio/x-wav,audio/NMX_fuslet.mp3,
1265,NMX_fetrat.wav,,audio/x-wav,audio/NMX_fetrat.mp3,
1266,KCD_mpngk.wav,,audio/x-wav,audio/KCD_mpngk.mp3,
1267,TAEME_kəpət.wav,,audio/x-wav,audio/TAEME_k%C9%99p%C9%99t.mp3,
1268,ENDE_kəmɑg.wav,,audio/x-wav,audio/ENDE_k%C9%99m%C9%91g.mp3,
1269,NMX_yunjef.wav,,audio/x-wav,audio/NMX_yunjef.mp3,
1270,KCD_mpormpor.wav,,audio/x-wav,audio/KCD_mpormpor.mp3,
1271,TAEME_kəbæɡ.wav,,audio/x-wav,audio/TAEME_k%C9%99b%C3%A6%C9%A1.mp3,
1272,ENDE_ɛnde.wav,,audio/x-wav,audio/ENDE_%C9%9Bnde.mp3,
1273,NMX_neme.wav,,audio/x-wav,audio/NMX_neme.mp3,
1274,TAEME_jidɛn.wav,,audio/x-wav,audio/TAEME_jid%C9%9Bn.mp3,
1275,KCD_mno.wav,,audio/x-wav,audio/KCD_mno.mp3,
1276,TAEME_ɑŋəmde.wav,,audio/x-wav,audio/TAEME_%C9%91%C5%8B%C9%99mde.mp3,
1277,ENDE_ɛɹɑn.wav,,audio/x-wav,audio/ENDE_%C9%9B%C9%B9%C9%91n.mp3,
1278,NMX_ande.wav,,audio/x-wav,audio/NMX_ande.mp3,
1279,KCD_moi.wav,,audio/x-wav,audio/KCD_moi.mp3,
1280,TAEME_ɲæmede.wav,,audio/x-wav,audio/TAEME_%C9%B2%C3%A6mede.mp3,
1281,ENDE_pəɽəmpəɽəm.wav,,audio/x-wav,audio/ENDE_p%C9%99%C9%BD%C9%99mp%C9%99%C9%BD%C9%99m.mp3,
1282,NMX_kwayaghe.wav,,audio/x-wav,audio/NMX_kwayaghe.mp3,
1283,KCD_plawa.wav,,audio/x-wav,audio/KCD_plawa.mp3,
1284,TAEME_pələmpələm.wav,,audio/x-wav,audio/TAEME_p%C9%99l%C9%99mp%C9%99l%C9%99m.mp3,
1285,ENDE_ɑjɑ.wav,,audio/x-wav,audio/ENDE_%C9%91j%C9%91.mp3,
1286,NMX_efe.wav,,audio/x-wav,audio/NMX_efe.mp3,
1287,NMX_emo.wav,,audio/x-wav,audio/NMX_emo.mp3,
1288,KCD_mengku.wav,,audio/x-wav,audio/KCD_mengku.mp3,
1289,TAEME_ɑjɑ.wav,,audio/x-wav,audio/TAEME_%C9%91j%C9%91.mp3,
1290,ENDE_ɛwɑʈ͡ʂɑ.wav,,audio/x-wav,audio/ENDE_%C9%9Bw%C9%91%CA%88%CD%A1%CA%82%C9%91.mp3,
1291,NMX_nemamen.wav,,audio/x-wav,audio/NMX_nemamen.mp3,
1292,KCD_moro.wav,,audio/x-wav,audio/KCD_moro.mp3,
1293,TAEME_joŋoɑʈ͡ʂɑ.wav,,audio/x-wav,audio/TAEME_jo%C5%8Bo%C9%91%CA%88%CD%A1%CA%82%C9%91.mp3,
1294,ENDE_ubɛm.wav,,audio/x-wav,audio/ENDE_ub%C9%9Bm.mp3,
1295,NMX_marat.wav,,audio/x-wav,audio/NMX_marat.mp3,
1296,KCD_mpalawa.wav,,audio/x-wav,audio/KCD_mpalawa.mp3,
1297,TAEME_pɑləl.wav,,audio/x-wav,audio/TAEME_p%C9%91l%C9%99l.mp3,
1298,JEL_wau.wav,,audio/x-wav,audio/JEL_wau.mp3,
1299,ENDE_məɽɑ.wav,,audio/x-wav,audio/ENDE_m%C9%99%C9%BD%C9%91.mp3,
1300,NMX_amaf.wav,,audio/x-wav,audio/NMX_amaf.mp3,
1301,KCD_mpunce.wav,,audio/x-wav,audio/KCD_mpunce.mp3,
1302,TAEME_məlɑ1.wav,,audio/x-wav,audio/TAEME_m%C9%99l%C9%911.mp3,
1303,ENDE_wɛl.wav,,audio/x-wav,audio/ENDE_w%C9%9Bl.mp3,
1304,NMX_mbormbor.wav,,audio/x-wav,audio/NMX_mbormbor.mp3,
1305,KCD_kue.wav,,audio/x-wav,audio/KCD_kue.mp3,
1306,TAEME_bu͡i.wav,,audio/x-wav,audio/TAEME_bu%CD%A1i.mp3,
1307,NMX_njamb.wav,,audio/x-wav,audio/NMX_njamb.mp3,
1308,KCD_paeme.wav,,audio/x-wav,audio/KCD_paeme.mp3,
1309,TAEME_ɖ͡ʐɑmbɑ.wav,,audio/x-wav,audio/TAEME_%C9%96%CD%A1%CA%90%C9%91mb%C9%91.mp3,
1310,ENDE_məɽɑ.wav,,audio/x-wav,audio/ENDE_m%C9%99%C9%BD%C9%91.mp3,
1311,NMX_amaf.wav,,audio/x-wav,audio/NMX_amaf.mp3,
1312,KCD_soro.wav,,audio/x-wav,audio/KCD_soro.mp3,
1313,TAEME_məlɑ.wav,,audio/x-wav,audio/TAEME_m%C9%99l%C9%91.mp3,
1314,ENDE_məɽɑ ɑ͡use.wav,,audio/x-wav,audio/ENDE_m%C9%99%C9%BD%C9%91%20%C9%91%CD%A1use.mp3,
1315,NMX_ause.wav,,audio/x-wav,audio/NMX_ause.mp3,
1316,KCD_ntosoro.wav,,audio/x-wav,audio/KCD_ntosoro.mp3,
1317,TAEME_məlɑ ɛ͡usi.wav,,audio/x-wav,audio/TAEME_m%C9%99l%C9%91%20%C9%9B%CD%A1usi.mp3,
1318,ENDE_ɽo.wav,,audio/x-wav,audio/ENDE_%C9%BDo.mp3,
1319,NMX_wen.wav,,audio/x-wav,audio/NMX_wen.mp3,
1320,KCD_pr.wav,,audio/x-wav,audio/KCD_pr.mp3,
1321,TAEME_lu1.wav,,audio/x-wav,audio/TAEME_lu1.mp3,
1322,ENDE_mɛlɛm.wav,,audio/x-wav,audio/ENDE_m%C9%9Bl%C9%9Bm.mp3,
1323,NMX_asafogh.wav,,audio/x-wav,audio/NMX_asafogh.mp3,
1324,KCD_paya.wav,,audio/x-wav,audio/KCD_paya.mp3,
1325,TAEME_keli.wav,,audio/x-wav,audio/TAEME_keli.mp3,
1326,ENDE_ɖ͡ʐone muɽɑ͡i.wav,,audio/x-wav,audio/ENDE_%C9%96%CD%A1%CA%90one%20mu%C9%BD%C9%91%CD%A1i.mp3,
1327,KCD_yakrte.wav,,audio/x-wav,audio/KCD_yakrte.mp3,
1328,TAEME_jɑo mulbi.wav,,audio/x-wav,audio/TAEME_j%C9%91o%20mulbi.mp3,
1329,ENDE_məʈ͡ʂɑ.wav,,audio/x-wav,audio/ENDE_m%C9%99%CA%88%CD%A1%CA%82%C9%91.mp3,
1330,NMX_wem.wav,,audio/x-wav,audio/NMX_wem.mp3,
1331,KCD_sumpl.wav,,audio/x-wav,audio/KCD_sumpl.mp3,
1332,TAEME_ætre.wav,,audio/x-wav,audio/TAEME_%C3%A6tre.mp3,
1333,ENDE_gɑlbe.wav,,audio/x-wav,audio/ENDE_g%C9%91lbe.mp3,
1334,NMX_mai.wav,,audio/x-wav,audio/NMX_mai.mp3,
1335,KCD_mptr.wav,,audio/x-wav,audio/KCD_mptr.mp3,
1336,TAEME_sæwis.wav,,audio/x-wav,audio/TAEME_s%C3%A6wis.mp3,
1337,ENDE_tɑp.wav,,audio/x-wav,audio/ENDE_t%C9%91p.mp3,
1338,NMX_kefule.wav,,audio/x-wav,audio/NMX_kefule.mp3,
1339,TAEME_tɑp.wav,,audio/x-wav,audio/TAEME_t%C9%91p.mp3,
1340,NMX_wamene.wav,,audio/x-wav,audio/NMX_wamene.mp3,
1341,KCD_olu.wav,,audio/x-wav,audio/KCD_olu.mp3,
1342,TAEME_dɑde.wav,,audio/x-wav,audio/TAEME_d%C9%91de.mp3,
1343,ENDE_puʈ͡ʂ.wav,,audio/x-wav,audio/ENDE_pu%CA%88%CD%A1%CA%82.mp3,
1344,TAEME_puʈ͡ʂ.wav,,audio/x-wav,audio/TAEME_pu%CA%88%CD%A1%CA%82.mp3,
1345,ENDE_gɑgumɑ.wav,,audio/x-wav,audio/ENDE_g%C9%91gum%C9%91.mp3,
1346,NMX_wembegh_mengo.wav,,audio/x-wav,audio/NMX_wembegh_mengo.mp3,
1347,KCD_sobar_mwa.wav,,audio/x-wav,audio/KCD_sobar_mwa.mp3,
1348,TAEME_mekmɑ͡i.wav,,audio/x-wav,audio/TAEME_mekm%C9%91%CD%A1i.mp3,
1349,ENDE_bibi.wav,,audio/x-wav,audio/ENDE_bibi.mp3,
1350,NMX_fem.wav,,audio/x-wav,audio/NMX_fem.mp3,
1351,NMX_femofem.wav,,audio/x-wav,audio/NMX_femofem.mp3,
1352,TAEME_bæ kwɪnjɛbi.wav,,audio/x-wav,audio/TAEME_b%C3%A6%20kw%C9%AAnj%C9%9Bbi.mp3,
1353,ENDE_boŋo ɑde.wav,,audio/x-wav,audio/ENDE_bo%C5%8Bo%20%C9%91de.mp3,
1354,NMX_fem.wav,,audio/x-wav,audio/NMX_fem.mp3,
1355,NMX_femofem.wav,,audio/x-wav,audio/NMX_femofem.mp3,
1356,TAEME_bæ de.wav,,audio/x-wav,audio/TAEME_b%C3%A6%20de.mp3,
1357,ENDE_səgəsəgəd.wav,,audio/x-wav,audio/ENDE_s%C9%99g%C9%99s%C9%99g%C9%99d.mp3,
1358,NMX_tendal_ngarot.wav,,audio/x-wav,audio/NMX_tendal_ngarot.mp3,
1359,KCD_mprkwa.wav,,audio/x-wav,audio/KCD_mprkwa.mp3,
1360,TAEME_səsəɡəd.wav,,audio/x-wav,audio/TAEME_s%C9%99s%C9%99%C9%A1%C9%99d.mp3,
1361,JEL_deli.wav,,audio/x-wav,audio/JEL_deli.mp3,
1362,ENDE_tətəm.wav,,audio/x-wav,audio/ENDE_t%C9%99t%C9%99m.mp3,
1363,NMX_kaye.wav,,audio/x-wav,audio/NMX_kaye.mp3,
1364,KCD_montena.wav,,audio/x-wav,audio/KCD_montena.mp3,
1365,TAEME_tətəm.wav,,audio/x-wav,audio/TAEME_t%C9%99t%C9%99m.mp3,
